locality,country,stateprovince,county,decimalLatitude,decimalLongitude,correction status,precision,error polygon,multiple results,uncertainty radius (meters),uncertainty radius (circular polygon),type,modified,license,rightsholder,accessrights,bibliographiccitation,references,institutionid,collectionid,datasetid,institutionCode,collectioncode,datasetname,basisOfRecord,informationwithheld,datageneralizations,dynamicproperties,occurrenceid,catalogNumber,recordNumber,recordedBy,individualcount,sex,lifestage,reproductivecondition,behavior,establishmentmeans,occurrencestatus,preparations,disposition,associatedmedia,associatedreferences,associatedsequences,associatedtaxa,othercatalognumbers,occurrenceremarks,organismid,organismname,organismscope,associatedoccurrences,associatedorganisms,previousidentifications,organismremarks,materialsampleid,eventid,fieldnumber,eventDate,eventtime,startdayofyear,enddayofyear,year,month,day,verbatimeventdate,habitat,samplingprotocol,samplingeffort,fieldnotes,eventremarks,locationid,highergeographyid,highergeography,continent,waterbody,islandgroup,island,countrycode,municipality,verbatimlocality,minimumelevationinmeters,maximumelevationinmeters,elevation,verbatimelevation,minimumdepthinmeters,maximumdepthinmeters,verbatimdepth,minimumdistanceabovesurfaceinmeters,maximumdistanceabovesurfaceinmeters,locationaccordingto,locationremarks,geodeticdatum,coordinateprecision,verbatimcoordinates,verbatimlatitude,verbatimlongitude,verbatimcoordinatesystem,verbatimsrs,footprintwkt,footprintsrs,georeferencedby,georeferenceddate,georeferenceprotocol,georeferencesources,georeferenceverificationstatus,georeferenceremarks,geologicalcontextid,earliesteonorlowesteonothem,latesteonorhighesteonothem,earliesteraorlowesterathem,latesteraorhighesterathem,earliestperiodorlowestsystem,latestperiodorhighestsystem,earliestepochorlowestseries,latestepochorhighestseries,earliestageorloweststage,latestageorhigheststage,lowestbiostratigraphiczone,highestbiostratigraphiczone,lithostratigraphicterms,group,formation,member,bed,identificationid,identificationqualifier,typestatus,identifiedby,dateidentified,identificationreferences,identificationverificationstatus,identificationremarks,scientificnameid,namepublishedinid,scientificname,species,acceptednameusage,originalnameusage,namepublishedin,namepublishedinyear,higherclassification,kingdom,phylum,class,order,family,genus,subgenus,specificepithet,infraspecificepithet,taxonrank,verbatimtaxonrank,scientificnameauthorship,vernacularname,nomenclaturalcode,taxonomicstatus,taxonremarks,lengthinmm,lengthtype,lengthunitsinferred,massing,massunitsinferred,underivedlifestage,underivedsex,dataset_url,dataset_citation,gbifdatasetid,gbifpublisherid,dataset_contact_email,dataset_contact,dataset_pubdate,lastindexed,migrator_version,hasmedia,hastissue,wascaptive,isfossil,isarch,vntype,haslength,elevationDEM
"Molino Canyon, 17 miles east northeast of Tucson",United States,Arizona,Pima,32.327182,-110.699867,yes,Low(43),,"32.3667,-110.65,MOLINO CANYON|Unavailable|Unavailable|Low(43),32.30202,-110.717864,MOLINO CANYON|Unavailable|Unavailable|Low(43),32.221408,-110.634848,Distance East of %TUCSON%|AZ:ppl:1068@PPL@17@90|Unavailable|Medium(40),32.216365,-110.625085,Distance East of %TUCSON%|Unavailable|Unavailable|Medium(39)",,,PhysicalObject,8/7/2013,,,http://www.vertnet.org/resources/norms.html,American Museum of Natural History. AMNH Mammal Collections. Record ID: urn:catalog:AMNH:Mammals:M-135963. Source: http://ipt.vertnet.org:8080/ipt/resource.do?r=amnh_mammals (source published on 2015-02-12),http://portal.vertnet.org/o/amnh/mammals?id=urn-catalog-amnh-mammals-m-135963,urn:lsid:biocol.org:col:34925,,,AMNH,Mammals,,PreservedSpecimen,,,,urn:catalog:AMNH:Mammals:M-135963,M-135963,8184,R. A. Archbold,1,female,,,,,present,"Disarticulated, Not Mounted",,,,,,,,,,,,,,,,,,1939-05-23,,143,143,1939,5,23,5/23/1939,,,,,,,,North America;USA;Arizona;Pima Co.;;;;,North America,,,,US,,"North America; USA; Arizona; Pima Co.; ; ; ; ; ; ; North America; USA; Arizona; Pima Co.; ; ; ; ; ; ; 17 miles east northeast of Tucson, Molino Canyon",1158,1158,1158,3800 ft,,,,,,,,,,,,,,,,,,,,,,,,,,,,,,,,,,,,,,,,,,,,,,,,,,,Bassariscus astutus arizonensis,Bassariscus astutus,,,,,Animalia;Chordata;Mammalia;Carnivora;Procyonidae;Bassariscus,Animalia,Chordata,Mammalia,Carnivora,Procyonidae,Bassariscus,,astutus,arizonensis,subspecies,,,,ICZN,,,,,,,,,female,,American Museum of Natural History. AMNH Mammal Collections. Source: http://ipt.vertnet.org:8080/ipt/resource.do?r=amnh_mammals (source published on 2015-02-12),96ca66b4-f762-11e1-a439-00145eb45e9a,ccd1ddc0-6c21-11de-8224-b8a03c50a862,trombone@amnh.org,Tom Trombone,2/12/2015,8/10/2016,8/14/2013,0,0,0,0,,specimen,0,1267
"Molino Canyon, 17 miles east northeast of Tucson",United States,Arizona,Pima,32.327182,-110.699867,yes,Low(43),,"32.3667,-110.65,MOLINO CANYON|Unavailable|Unavailable|Low(43),32.30202,-110.717864,MOLINO CANYON|Unavailable|Unavailable|Low(43),32.221408,-110.634848,Distance East of %TUCSON%|AZ:ppl:1068@PPL@17@90|Unavailable|Medium(40),32.216365,-110.625085,Distance East of %TUCSON%|Unavailable|Unavailable|Medium(39)",,,PhysicalObject,8/7/2013,,,http://www.vertnet.org/resources/norms.html,American Museum of Natural History. AMNH Mammal Collections. Record ID: urn:catalog:AMNH:Mammals:M-135964. Source: http://ipt.vertnet.org:8080/ipt/resource.do?r=amnh_mammals (source published on 2015-02-12),http://portal.vertnet.org/o/amnh/mammals?id=urn-catalog-amnh-mammals-m-135964,urn:lsid:biocol.org:col:34925,,,AMNH,Mammals,,PreservedSpecimen,,,,urn:catalog:AMNH:Mammals:M-135964,M-135964,8185,R. A. Archbold,1,female,,,,,present,disarticulated,,,,,,,,,,,,,,,,,,1939-05-25,,145,145,1939,5,25,5/25/1939,,,,,,,,North America;USA;Arizona;Pima Co.;;;;,North America,,,,US,,"North America; USA; Arizona; Pima Co.; ; ; ; ; ; ; North America; USA; Arizona; Pima Co.; ; ; ; ; ; ; 17 miles east northeast of Tucson, Molino Canyon",1158,1158,1158,3800 ft,,,,,,,,,,,,,,,,,,,,,,,,,,,,,,,,,,,,,,,,,,,,,,,,,,,Bassariscus astutus arizonensis,Bassariscus astutus,,,,,Animalia;Chordata;Mammalia;Carnivora;Procyonidae;Bassariscus,Animalia,Chordata,Mammalia,Carnivora,Procyonidae,Bassariscus,,astutus,arizonensis,subspecies,,,,ICZN,,,,,,,,,female,,American Museum of Natural History. AMNH Mammal Collections. Source: http://ipt.vertnet.org:8080/ipt/resource.do?r=amnh_mammals (source published on 2015-02-12),96ca66b4-f762-11e1-a439-00145eb45e9a,ccd1ddc0-6c21-11de-8224-b8a03c50a862,trombone@amnh.org,Tom Trombone,2/12/2015,8/10/2016,8/14/2013,0,0,0,0,,specimen,0,1267
"Molino Canyon, 17 miles east northeast of Tucson",United States,Arizona,Pima,32.327182,-110.699867,yes,Low(43),,"32.3667,-110.65,MOLINO CANYON|Unavailable|Unavailable|Low(43),32.30202,-110.717864,MOLINO CANYON|Unavailable|Unavailable|Low(43),32.221408,-110.634848,Distance East of %TUCSON%|AZ:ppl:1068@PPL@17@90|Unavailable|Medium(40),32.216365,-110.625085,Distance East of %TUCSON%|Unavailable|Unavailable|Medium(39)",,,PhysicalObject,8/7/2013,,,http://www.vertnet.org/resources/norms.html,American Museum of Natural History. AMNH Mammal Collections. Record ID: urn:catalog:AMNH:Mammals:M-135965. Source: http://ipt.vertnet.org:8080/ipt/resource.do?r=amnh_mammals (source published on 2015-02-12),http://portal.vertnet.org/o/amnh/mammals?id=urn-catalog-amnh-mammals-m-135965,urn:lsid:biocol.org:col:34925,,,AMNH,Mammals,,PreservedSpecimen,,,,urn:catalog:AMNH:Mammals:M-135965,M-135965,8189,R. A. Archbold,1,female,,,,,present,disarticulated,,,,,,,,,,,,,,,,,,1940-05-26,,147,147,1940,5,26,5/26/1940,,,,,,,,North America;USA;Arizona;Pima Co.;;;;,North America,,,,US,,"North America; USA; Arizona; Pima Co.; ; ; ; ; ; ; North America; USA; Arizona; Pima Co.; ; ; ; ; ; ; 17 miles east northeast of Tucson, Molino Canyon",1158,1158,1158,3800 ft,,,,,,,,,,,,,,,,,,,,,,,,,,,,,,,,,,,,,,,,,,,,,,,,,,,Bassariscus astutus arizonensis,Bassariscus astutus,,,,,Animalia;Chordata;Mammalia;Carnivora;Procyonidae;Bassariscus,Animalia,Chordata,Mammalia,Carnivora,Procyonidae,Bassariscus,,astutus,arizonensis,subspecies,,,,ICZN,,,,,,,,,female,,American Museum of Natural History. AMNH Mammal Collections. Source: http://ipt.vertnet.org:8080/ipt/resource.do?r=amnh_mammals (source published on 2015-02-12),96ca66b4-f762-11e1-a439-00145eb45e9a,ccd1ddc0-6c21-11de-8224-b8a03c50a862,trombone@amnh.org,Tom Trombone,2/12/2015,8/10/2016,8/14/2013,0,0,0,0,,specimen,0,1267
"Molino Canyon, 17 miles east northeast of Tucson",United States,Arizona,Pima,32.327182,-110.699867,no,Low(43),,"32.3667,-110.65,MOLINO CANYON|Unavailable|Unavailable|Low(43),32.30202,-110.717864,MOLINO CANYON|Unavailable|Unavailable|Low(43),32.221408,-110.634848,Distance East of %TUCSON%|AZ:ppl:1068@PPL@17@90|Unavailable|Medium(40),32.216365,-110.625085,Distance East of %TUCSON%|Unavailable|Unavailable|Medium(39)",,,PhysicalObject,8/7/2013,,,http://www.vertnet.org/resources/norms.html,American Museum of Natural History. AMNH Mammal Collections. Record ID: urn:catalog:AMNH:Mammals:M-137031. Source: http://ipt.vertnet.org:8080/ipt/resource.do?r=amnh_mammals (source published on 2015-02-12),http://portal.vertnet.org/o/amnh/mammals?id=urn-catalog-amnh-mammals-m-137031,urn:lsid:biocol.org:col:34925,,,AMNH,Mammals,,PreservedSpecimen,,,,urn:catalog:AMNH:Mammals:M-137031,M-137031,8190,W. B. Richardson,1,female,,,,,present,disarticulated,,,,,,,,,,,,,,,,,,1940-05-27,,148,148,1940,5,27,5/27/1940,,,,,,,,North America;USA;Arizona;Pima Co.;;;;,North America,,,,US,,"North America; USA; Arizona; Pima Co.; ; ; ; ; ; ; North America; USA; Arizona; Pima Co.; ; ; ; ; ; ; 17 miles east northeast of Tucson, Molino Canyon",1158,1158,1158,3800 ft,,,,,,,,,,,,,,,,,,,,,,,,,,,,,,,,,,,,,,,,,,,,,,,,,,,Procyon lotor mexicanus,Procyon lotor,,,,,Animalia;Chordata;Mammalia;Carnivora;Procyonidae;Procyon,Animalia,Chordata,Mammalia,Carnivora,Procyonidae,Procyon,,lotor,mexicanus,subspecies,,,,ICZN,,,,,,,,,female,,American Museum of Natural History. AMNH Mammal Collections. Source: http://ipt.vertnet.org:8080/ipt/resource.do?r=amnh_mammals (source published on 2015-02-12),96ca66b4-f762-11e1-a439-00145eb45e9a,ccd1ddc0-6c21-11de-8224-b8a03c50a862,trombone@amnh.org,Tom Trombone,2/12/2015,8/10/2016,8/14/2013,0,0,0,0,,specimen,0,1267
"Molino Canyon, 17 miles east northeast of Tucson",United States,Arizona,Pima,32.327182,-110.699867,no,Low(43),,"32.3667,-110.65,MOLINO CANYON|Unavailable|Unavailable|Low(43),32.30202,-110.717864,MOLINO CANYON|Unavailable|Unavailable|Low(43),32.221408,-110.634848,Distance East of %TUCSON%|AZ:ppl:1068@PPL@17@90|Unavailable|Medium(40),32.216365,-110.625085,Distance East of %TUCSON%|Unavailable|Unavailable|Medium(39)",,,PhysicalObject,8/7/2013,,,http://www.vertnet.org/resources/norms.html,American Museum of Natural History. AMNH Mammal Collections. Record ID: urn:catalog:AMNH:Mammals:M-137048. Source: http://ipt.vertnet.org:8080/ipt/resource.do?r=amnh_mammals (source published on 2015-02-12),http://portal.vertnet.org/o/amnh/mammals?id=urn-catalog-amnh-mammals-m-137048,urn:lsid:biocol.org:col:34925,,,AMNH,Mammals,,PreservedSpecimen,,,,urn:catalog:AMNH:Mammals:M-137048,M-137048,8183,R. A. Archbold,1,undetermined,,,,,present,disarticulated,,,,,,,,,,,,,,,,,,,,,,,,,,,,,,,,,North America;USA;Arizona;Pima Co.;;;;,North America,,,,US,,"North America; USA; Arizona; Pima Co.; ; ; ; ; ; ; North America; USA; Arizona; Pima Co.; ; ; ; ; ; ; 17 miles east northeast of Tucson, Molino Canyon",1158,1158,1158,3800 ft,,,,,,,,,,,,,,,,,,,,,,,,,,,,,,,,,,,,,,,,,,,,,,,,,,,Lynx rufus baileyi,Lynx rufus,,,,,Animalia;Chordata;Mammalia;Carnivora;Felidae;Lynx,Animalia,Chordata,Mammalia,Carnivora,Felidae,Lynx,,rufus,baileyi,subspecies,,,,ICZN,,,,,,,,,unknown,,American Museum of Natural History. AMNH Mammal Collections. Source: http://ipt.vertnet.org:8080/ipt/resource.do?r=amnh_mammals (source published on 2015-02-12),96ca66b4-f762-11e1-a439-00145eb45e9a,ccd1ddc0-6c21-11de-8224-b8a03c50a862,trombone@amnh.org,Tom Trombone,2/12/2015,8/10/2016,8/14/2013,0,0,0,0,,specimen,0,1267
"Molino Canyon, 17 miles east northeast of Tucson",United States,Arizona,Pima,32.327182,-110.699867,no,Low(43),,"32.3667,-110.65,MOLINO CANYON|Unavailable|Unavailable|Low(43),32.30202,-110.717864,MOLINO CANYON|Unavailable|Unavailable|Low(43),32.221408,-110.634848,Distance East of %TUCSON%|AZ:ppl:1068@PPL@17@90|Unavailable|Medium(40),32.216365,-110.625085,Distance East of %TUCSON%|Unavailable|Unavailable|Medium(39)",,,PhysicalObject,8/7/2013,,,http://www.vertnet.org/resources/norms.html,American Museum of Natural History. AMNH Mammal Collections. Record ID: urn:catalog:AMNH:Mammals:M-137005. Source: http://ipt.vertnet.org:8080/ipt/resource.do?r=amnh_mammals (source published on 2015-02-12),http://portal.vertnet.org/o/amnh/mammals?id=urn-catalog-amnh-mammals-m-137005,urn:lsid:biocol.org:col:34925,,,AMNH,Mammals,,PreservedSpecimen,,,,urn:catalog:AMNH:Mammals:M-137005,M-137005,8186,W. B. Richardson,1,female,,,,,present,Not Mounted,,,,,,,,,,,,,,,,,,1940-05-25,,146,146,1940,5,25,5/25/1940,,,,,,,,North America;USA;Arizona;Pima Co.;;;;,North America,,,,US,,"North America; USA; Arizona; Pima Co.; ; ; ; ; ; ; North America; USA; Arizona; Pima Co.; ; ; ; ; ; ; 17 miles east northeast of Tucson, Molino Canyon",1158,1158,1158,3800 ft,,,,,,,,,,,,,,,,,,,,,,,,,,,,,,,,,,,,,,,,,,sp.,,,,,,,,,Tamias,Neotamias dorsalis,,,,,Animalia;Chordata;Mammalia;Rodentia;Sciuridae;Tamias,Animalia,Chordata,Mammalia,Rodentia,Sciuridae,Tamias,,,,genus,,,,ICZN,,,,,,,,,female,,American Museum of Natural History. AMNH Mammal Collections. Source: http://ipt.vertnet.org:8080/ipt/resource.do?r=amnh_mammals (source published on 2015-02-12),96ca66b4-f762-11e1-a439-00145eb45e9a,ccd1ddc0-6c21-11de-8224-b8a03c50a862,trombone@amnh.org,Tom Trombone,2/12/2015,8/10/2016,8/14/2013,0,0,0,0,,specimen,0,1267
"Molino Canyon, 17 miles east northeast of Tucson",United States,Arizona,Pima,32.327182,-110.699867,no,Low(43),,"32.3667,-110.65,MOLINO CANYON|Unavailable|Unavailable|Low(43),32.30202,-110.717864,MOLINO CANYON|Unavailable|Unavailable|Low(43),32.221408,-110.634848,Distance East of %TUCSON%|AZ:ppl:1068@PPL@17@90|Unavailable|Medium(40),32.216365,-110.625085,Distance East of %TUCSON%|Unavailable|Unavailable|Medium(39)",,,PhysicalObject,8/7/2013,,,http://www.vertnet.org/resources/norms.html,American Museum of Natural History. AMNH Mammal Collections. Record ID: urn:catalog:AMNH:Mammals:M-137006. Source: http://ipt.vertnet.org:8080/ipt/resource.do?r=amnh_mammals (source published on 2015-02-12),http://portal.vertnet.org/o/amnh/mammals?id=urn-catalog-amnh-mammals-m-137006,urn:lsid:biocol.org:col:34925,,,AMNH,Mammals,,PreservedSpecimen,,,,urn:catalog:AMNH:Mammals:M-137006,M-137006,8187,W. B. Richardson,1,female,,,,,present,Not Mounted,,,,,,,,,,,,,,,,,,1940-05-25,,146,146,1940,5,25,5/25/1940,,,,,,,,North America;USA;Arizona;Pima Co.;;;;,North America,,,,US,,"North America; USA; Arizona; Pima Co.; ; ; ; ; ; ; North America; USA; Arizona; Pima Co.; ; ; ; ; ; ; 17 miles east northeast of Tucson, Molino Canyon",1158,1158,1158,3800 ft,,,,,,,,,,,,,,,,,,,,,,,,,,,,,,,,,,,,,,,,,,sp.,,,,,,,,,Tamias,Neotamias dorsalis,,,,,Animalia;Chordata;Mammalia;Rodentia;Sciuridae;Tamias,Animalia,Chordata,Mammalia,Rodentia,Sciuridae,Tamias,,,,genus,,,,ICZN,,,,,,,,,female,,American Museum of Natural History. AMNH Mammal Collections. Source: http://ipt.vertnet.org:8080/ipt/resource.do?r=amnh_mammals (source published on 2015-02-12),96ca66b4-f762-11e1-a439-00145eb45e9a,ccd1ddc0-6c21-11de-8224-b8a03c50a862,trombone@amnh.org,Tom Trombone,2/12/2015,8/10/2016,8/14/2013,0,0,0,0,,specimen,0,1267
"Molino Canyon, 18 miles east northeast of Tucson",United States,Arizona,Pima,32.337881,-110.690432,yes,Low(43),,"32.3667,-110.65,MOLINO CANYON|Unavailable|Unavailable|Low(43),32.30202,-110.717864,MOLINO CANYON|Unavailable|Unavailable|Low(43),32.221368,-110.617693,Distance East of %TUCSON%|AZ:ppl:1068@PPL@18@90|Unavailable|Medium(40),32.216325,-110.607931,Distance East of %TUCSON%|Unavailable|Unavailable|Medium(39)",,,PhysicalObject,8/7/2013,,,http://www.vertnet.org/resources/norms.html,American Museum of Natural History. AMNH Mammal Collections. Record ID: urn:catalog:AMNH:Mammals:M-135961. Source: http://ipt.vertnet.org:8080/ipt/resource.do?r=amnh_mammals (source published on 2015-02-12),http://portal.vertnet.org/o/amnh/mammals?id=urn-catalog-amnh-mammals-m-135961,urn:lsid:biocol.org:col:34925,,,AMNH,Mammals,,PreservedSpecimen,,,,urn:catalog:AMNH:Mammals:M-135961,M-135961,8198,R. A. Archbold,1,male,,,,,present,Not Mounted,,,,,,,,,,,,,,,,,,1940-06-09,,161,161,1940,6,9,6/9/1940,,,,,,,,North America;USA;Arizona;Pima Co.;;;;,North America,,,,US,,"North America; USA; Arizona; Pima Co.; ; ; ; ; ; ; North America; USA; Arizona; Pima Co.; ; ; ; ; ; ; 18 miles east northeast of Tucson, Molino Canyon",1219,1219,1219,4000 ft,,,,,,,,,,,,,,,,,,,,,,,,,,,,,,,,,,,,,,,,,,,,,,,,,,,Spilogale putorius leucoparia,Spilogale gracilis,,,,,Animalia;Chordata;Mammalia;Carnivora;Mephitidae;Spilogale,Animalia,Chordata,Mammalia,Carnivora,Mephitidae,Spilogale,,putorius,leucoparia,subspecies,,,,ICZN,,,,,,,,,male,,American Museum of Natural History. AMNH Mammal Collections. Source: http://ipt.vertnet.org:8080/ipt/resource.do?r=amnh_mammals (source published on 2015-02-12),96ca66b4-f762-11e1-a439-00145eb45e9a,ccd1ddc0-6c21-11de-8224-b8a03c50a862,trombone@amnh.org,Tom Trombone,2/12/2015,8/10/2016,8/14/2013,0,0,0,0,,specimen,0,1333
"18 miles east northeast of Tucson, Molino Canyon",United States,Arizona,Pima,32.337881,-110.690432,,,,,,,PhysicalObject,8/7/2013,,,http://www.vertnet.org/resources/norms.html,American Museum of Natural History. AMNH Mammal Collections. Record ID: urn:catalog:AMNH:Mammals:M-135966. Source: http://ipt.vertnet.org:8080/ipt/resource.do?r=amnh_mammals (source published on 2015-02-12),http://portal.vertnet.org/o/amnh/mammals?id=urn-catalog-amnh-mammals-m-135966,urn:lsid:biocol.org:col:34925,,,AMNH,Mammals,,PreservedSpecimen,,,,urn:catalog:AMNH:Mammals:M-135966,M-135966,8199,R. A. Archbold,1,male,,,,,present,Not Mounted,,,,,,,,,,,,,,,,,,1940-06-13,,165,165,1940,6,13,6/13/1940,,,,,,,,North America;USA;Arizona;Pima Co.;;;;,North America,,,,US,,"North America; USA; Arizona; Pima Co.; ; ; ; ; ; ; North America; USA; Arizona; Pima Co.; ; ; ; ; ; ; 18 miles east northeast of Tucson, Molino Canyon",1219,1219,1219,4000 ft,,,,,,,,,,,,,,,,,,,,,,,,,,,,,,,,,,,,,,,,,,,,,,,,,,,Bassariscus astutus arizonensis,Bassariscus astutus,,,,,Animalia;Chordata;Mammalia;Carnivora;Procyonidae;Bassariscus,Animalia,Chordata,Mammalia,Carnivora,Procyonidae,Bassariscus,,astutus,arizonensis,subspecies,,,,ICZN,,,,,,,,,male,,American Museum of Natural History. AMNH Mammal Collections. Source: http://ipt.vertnet.org:8080/ipt/resource.do?r=amnh_mammals (source published on 2015-02-12),96ca66b4-f762-11e1-a439-00145eb45e9a,ccd1ddc0-6c21-11de-8224-b8a03c50a862,trombone@amnh.org,Tom Trombone,2/12/2015,8/10/2016,8/14/2013,0,0,0,0,,specimen,0,1333
"18 miles east northeast of Tucson, Molino Canyon",United States,Arizona,Pima,32.337881,-110.690432,,,,,,,PhysicalObject,8/7/2013,,,http://www.vertnet.org/resources/norms.html,American Museum of Natural History. AMNH Mammal Collections. Record ID: urn:catalog:AMNH:Mammals:M-135962. Source: http://ipt.vertnet.org:8080/ipt/resource.do?r=amnh_mammals (source published on 2015-02-12),http://portal.vertnet.org/o/amnh/mammals?id=urn-catalog-amnh-mammals-m-135962,urn:lsid:biocol.org:col:34925,,,AMNH,Mammals,,PreservedSpecimen,,,,urn:catalog:AMNH:Mammals:M-135962,M-135962,8192,R. A. Archbold,1,male,,,,,present,Not Mounted,,,,,,,,,,,,,,,,,,1939-05-31,,151,151,1939,5,31,5/31/1939,,,,,,,,North America;USA;Arizona;Pima Co.;;;;,North America,,,,US,,"North America; USA; Arizona; Pima Co.; ; ; ; ; ; ; North America; USA; Arizona; Pima Co.; ; ; ; ; ; ; 18 miles east northeast of Tucson, Molino Canyon",1158,1158,1158,3800 ft,,,,,,,,,,,,,,,,,,,,,,,,,,,,,,,,,,,,,,,,,,,,,,,,,,,Spilogale putorius leucoparia,Spilogale gracilis,,,,,Animalia;Chordata;Mammalia;Carnivora;Mephitidae;Spilogale,Animalia,Chordata,Mammalia,Carnivora,Mephitidae,Spilogale,,putorius,leucoparia,subspecies,,,,ICZN,,,,,,,,,male,,American Museum of Natural History. AMNH Mammal Collections. Source: http://ipt.vertnet.org:8080/ipt/resource.do?r=amnh_mammals (source published on 2015-02-12),96ca66b4-f762-11e1-a439-00145eb45e9a,ccd1ddc0-6c21-11de-8224-b8a03c50a862,trombone@amnh.org,Tom Trombone,2/12/2015,8/10/2016,8/14/2013,0,0,0,0,,specimen,0,1333
"18 miles east northeast of Tucson, Molino Canyon",United States,Arizona,Pima,32.337881,-110.690432,,,,,,,PhysicalObject,8/7/2013,,,http://www.vertnet.org/resources/norms.html,American Museum of Natural History. AMNH Mammal Collections. Record ID: urn:catalog:AMNH:Mammals:M-137053. Source: http://ipt.vertnet.org:8080/ipt/resource.do?r=amnh_mammals (source published on 2015-02-12),http://portal.vertnet.org/o/amnh/mammals?id=urn-catalog-amnh-mammals-m-137053,urn:lsid:biocol.org:col:34925,,,AMNH,Mammals,,PreservedSpecimen,,,,urn:catalog:AMNH:Mammals:M-137053,M-137053,8214,W. B. Richardson,1,female,,,,,present,disarticulated,,,,,,,,,,,,,,,,,,1940-06-15,,167,167,1940,6,15,6/15/1940,,,,,,,,North America;USA;Arizona;Pima Co.;;;;,North America,,,,US,,"North America; USA; Arizona; Pima Co.; ; ; ; ; ; ; North America; USA; Arizona; Pima Co.; ; ; ; ; ; ; 18 miles east northeast of Tucson, Molino Canyon",1219,1219,1219,4000 ft,,,,,,,,,,,,,,,,,,,,,,,,,,,,,,,,,,,,,,,,,,,,,,,,,,,Bassariscus astutus,Bassariscus astutus,,,,,Animalia;Chordata;Mammalia;Carnivora;Procyonidae;Bassariscus,Animalia,Chordata,Mammalia,Carnivora,Procyonidae,Bassariscus,,astutus,,species,,,,ICZN,,,,,,,,,female,,American Museum of Natural History. AMNH Mammal Collections. Source: http://ipt.vertnet.org:8080/ipt/resource.do?r=amnh_mammals (source published on 2015-02-12),96ca66b4-f762-11e1-a439-00145eb45e9a,ccd1ddc0-6c21-11de-8224-b8a03c50a862,trombone@amnh.org,Tom Trombone,2/12/2015,8/10/2016,8/14/2013,0,0,0,0,,specimen,0,1333
American Flag Ranch,United States,Arizona,Pinal,32.580806,-110.720421,yes,,,,,,PhysicalObject,8/7/2013,,,http://www.vertnet.org/resources/norms.html,American Museum of Natural History. AMNH Mammal Collections. Record ID: urn:catalog:AMNH:Mammals:MS-301. Source: http://ipt.vertnet.org:8080/ipt/resource.do?r=amnh_mammals (source published on 2015-02-12),http://portal.vertnet.org/o/amnh/mammals?id=urn-catalog-amnh-mammals-ms-301,urn:lsid:biocol.org:col:34925,,,AMNH,Mammals,,PreservedSpecimen,,,,urn:catalog:AMNH:Mammals:MS-301,MS-301,,W. E. D. Scott,1,male,,,,,present,,,,,,,,,,,,,,,,,,,1885-11-22,,326,326,1885,11,22,1885-11-22,,,,,,,,North America;USA;Arizona;Pinal Co.;;;;,North America,,,,US,,North America; USA; Arizona; Pinal Co.; ; ; ; ; ; ; North America; USA; Arizona; Pinal Co.; ; ; ; ; ; ; American Flag,,,,,,,,,,,,,,,,,,,,,,,,,,,,,,,,,,,,,,,,,,,,,,,,,,,,,,,Plecotus townsendii pallescens,Corynorhinus townsendii,,,,,Animalia;Chordata;Mammalia;Chiroptera;Vespertilionidae;Plecotus,Animalia,Chordata,Mammalia,Chiroptera,Vespertilionidae,Plecotus,,townsendii,pallescens,subspecies,,,,ICZN,,,,,,,,,male,,American Museum of Natural History. AMNH Mammal Collections. Source: http://ipt.vertnet.org:8080/ipt/resource.do?r=amnh_mammals (source published on 2015-02-12),96ca66b4-f762-11e1-a439-00145eb45e9a,ccd1ddc0-6c21-11de-8224-b8a03c50a862,trombone@amnh.org,Tom Trombone,2/12/2015,8/10/2016,8/14/2013,0,0,0,0,,specimen,0,1355
American Flag,United States,Arizona,Pinal,32.580806,-110.720421,,,,,,,PhysicalObject,8/7/2013,,,http://www.vertnet.org/resources/norms.html,American Museum of Natural History. AMNH Mammal Collections. Record ID: urn:catalog:AMNH:Mammals:MS-302. Source: http://ipt.vertnet.org:8080/ipt/resource.do?r=amnh_mammals (source published on 2015-02-12),http://portal.vertnet.org/o/amnh/mammals?id=urn-catalog-amnh-mammals-ms-302,urn:lsid:biocol.org:col:34925,,,AMNH,Mammals,,PreservedSpecimen,,,,urn:catalog:AMNH:Mammals:MS-302,MS-302,,W. E. D. Scott,1,male,,,,,present,,,,,,,,,,,,,,,,,,,1885-12-31,,365,365,1885,12,31,1885-12-31,,,,,,,,North America;USA;Arizona;Pinal Co.;;;;,North America,,,,US,,North America; USA; Arizona; Pinal Co.; ; ; ; ; ; ; North America; USA; Arizona; Pinal Co.; ; ; ; ; ; ; American Flag,,,,,,,,,,,,,,,,,,,,,,,,,,,,,,,,,,,,,,,,,,,,,,,,,,,,,,,Conepatus mesoleucus venaticus,Conepatus leuconotus,,,,,Animalia;Chordata;Mammalia;Carnivora;Mephitidae;Conepatus,Animalia,Chordata,Mammalia,Carnivora,Mephitidae,Conepatus,,mesoleucus,venaticus,subspecies,,,,ICZN,,,,,,,,,male,,American Museum of Natural History. AMNH Mammal Collections. Source: http://ipt.vertnet.org:8080/ipt/resource.do?r=amnh_mammals (source published on 2015-02-12),96ca66b4-f762-11e1-a439-00145eb45e9a,ccd1ddc0-6c21-11de-8224-b8a03c50a862,trombone@amnh.org,Tom Trombone,2/12/2015,8/10/2016,8/14/2013,0,0,0,0,,specimen,0,1355
American Flag,United States,Arizona,Pinal,32.580806,-110.720421,,,,,,,PhysicalObject,8/7/2013,,,http://www.vertnet.org/resources/norms.html,American Museum of Natural History. AMNH Mammal Collections. Record ID: urn:catalog:AMNH:Mammals:MS-303. Source: http://ipt.vertnet.org:8080/ipt/resource.do?r=amnh_mammals (source published on 2015-02-12),http://portal.vertnet.org/o/amnh/mammals?id=urn-catalog-amnh-mammals-ms-303,urn:lsid:biocol.org:col:34925,,,AMNH,Mammals,,PreservedSpecimen,,,,urn:catalog:AMNH:Mammals:MS-303,MS-303,,W. E. D. Scott,1,male,,,,,present,,,,,,,,,,,,,,,,,,,1885-11-16,,320,320,1885,11,16,1885-11-16,,,,,,,,North America;USA;Arizona;Pinal Co.;;;;,North America,,,,US,,North America; USA; Arizona; Pinal Co.; ; ; ; ; ; ; North America; USA; Arizona; Pinal Co.; ; ; ; ; ; ; American Flag,,,,,,,,,,,,,,,,,,,,,,,,,,,,,,,,,,,,,,,,,,,,,,,,,,,,,,,Spilogale putorius,Spilogale gracilis,,,,,Animalia;Chordata;Mammalia;Carnivora;Mephitidae;Spilogale,Animalia,Chordata,Mammalia,Carnivora,Mephitidae,Spilogale,,putorius,,species,,,,ICZN,,,,,,,,,male,,American Museum of Natural History. AMNH Mammal Collections. Source: http://ipt.vertnet.org:8080/ipt/resource.do?r=amnh_mammals (source published on 2015-02-12),96ca66b4-f762-11e1-a439-00145eb45e9a,ccd1ddc0-6c21-11de-8224-b8a03c50a862,trombone@amnh.org,Tom Trombone,2/12/2015,8/10/2016,8/14/2013,0,0,0,0,,specimen,0,1355
American Flag,United States,Arizona,Pinal,32.580806,-110.720421,,,,,,,PhysicalObject,8/7/2013,,,http://www.vertnet.org/resources/norms.html,American Museum of Natural History. AMNH Mammal Collections. Record ID: urn:catalog:AMNH:Mammals:MS-1534. Source: http://ipt.vertnet.org:8080/ipt/resource.do?r=amnh_mammals (source published on 2015-02-12),http://portal.vertnet.org/o/amnh/mammals?id=urn-catalog-amnh-mammals-ms-1534,urn:lsid:biocol.org:col:34925,,,AMNH,Mammals,,PreservedSpecimen,,,,urn:catalog:AMNH:Mammals:MS-1534,MS-1534,,W. E. D. Scott,1,undetermined,,,,,present,"Fluid, Whole Body, With Skin",,,,,,,,,,,,,,,,,,,,,,,,,,,,,,,,,North America;USA;Arizona;Pinal Co.;;;;,North America,,,,US,,North America; USA; Arizona; Pinal Co.; ; ; ; ; ; ; North America; USA; Arizona; Pinal Co.; ; ; ; ; ; ; American Flag,,,,,,,,,,,,,,,,,,,,,,,,,,,,,,,,,,,,,,,,,,,,,,,,,,,,,,,Mammalia,Mammalia,,,,,Animalia;Chordata;Mammalia;;;,Animalia,Chordata,Mammalia,,,,,,,class,,,,ICZN,,,,,,,,,unknown,,American Museum of Natural History. AMNH Mammal Collections. Source: http://ipt.vertnet.org:8080/ipt/resource.do?r=amnh_mammals (source published on 2015-02-12),96ca66b4-f762-11e1-a439-00145eb45e9a,ccd1ddc0-6c21-11de-8224-b8a03c50a862,trombone@amnh.org,Tom Trombone,2/12/2015,8/10/2016,8/14/2013,0,0,0,0,,specimen,0,1355
American Flag,United States,Arizona,Pinal,32.580806,-110.7204213,,,,,,,PhysicalObject,8/7/2013,,,http://www.vertnet.org/resources/norms.html,American Museum of Natural History. AMNH Mammal Collections. Record ID: urn:catalog:AMNH:Mammals:MS-1547. Source: http://ipt.vertnet.org:8080/ipt/resource.do?r=amnh_mammals (source published on 2015-02-12),http://portal.vertnet.org/o/amnh/mammals?id=urn-catalog-amnh-mammals-ms-1547,urn:lsid:biocol.org:col:34925,,,AMNH,Mammals,,PreservedSpecimen,,,,urn:catalog:AMNH:Mammals:MS-1547,MS-1547,,M. E. D. Scott,1,undetermined,,,,,present,"Fluid, Whole Body, With Skin",,,,,,,,,,,,,,,,,,,,,,,,,,,,,,,,,North America;USA;Arizona;Pinal Co.;;;;,North America,,,,US,,North America; USA; Arizona; Pinal Co.; ; ; ; ; ; ; North America; USA; Arizona; Pinal Co.; ; ; ; ; ; ; American Flag,,,,,,,,,,,,,,,,,,,,,,,,,,,,,,,,,,,,,,,,,,,,,,sp.,,,,,,,,,Thomomys,Thomomys,,,,,Animalia;Chordata;Mammalia;Rodentia;Geomyidae;Thomomys,Animalia,Chordata,Mammalia,Rodentia,Geomyidae,Thomomys,,,,genus,,,,ICZN,,,,,,,,,unknown,,American Museum of Natural History. AMNH Mammal Collections. Source: http://ipt.vertnet.org:8080/ipt/resource.do?r=amnh_mammals (source published on 2015-02-12),96ca66b4-f762-11e1-a439-00145eb45e9a,ccd1ddc0-6c21-11de-8224-b8a03c50a862,trombone@amnh.org,Tom Trombone,2/12/2015,8/10/2016,8/14/2013,0,0,0,0,,specimen,0,1355
"Tucson, Sabino Canyon, Santa Catalina Mountains",United States,Arizona,Pima,32.322298,-110.809812,yes,Medium(74),,"32.458674,-110.750382,(g3)Santa Catalina Mountains|Unavailable|18212|Medium(74),32.430353,-110.70537,SANTA CATALINA MOUNTAINS|Unavailable|Unavailable|Low(54),32.4167,-110.7,SANTA CATALINA MOUNTAINS|Unavailable|Unavailable|Low(54),31.865916,-111.456772,SABINO CANYON|Unavailable|Unavailable|Low(43),31.8167,-111.5667,SABINO CANYON|Unavailable|Unavailable|Low(43),32.322298,-110.809812,SABINO CANYON|Unavailable|Unavailable|Low(43),32.505556,-110.921111,CATALINA|AZ:ppl:869@PPL|Unavailable|Low(39),32.5,-110.9167,CATALINA|Unavailable|Unavailable|Low(38),32.221743,-110.926479,TUCSON|AZ:ppl:1068@PPL|Unavailable|Low(37),32.2167,-110.9167,TUCSON|Unavailable|Unavailable|Low(36)",,,PhysicalObject,8/7/2013,,,http://www.vertnet.org/resources/norms.html,American Museum of Natural History. AMNH Mammal Collections. Record ID: urn:catalog:AMNH:Mammals:M-144014. Source: http://ipt.vertnet.org:8080/ipt/resource.do?r=amnh_mammals (source published on 2015-02-12),http://portal.vertnet.org/o/amnh/mammals?id=urn-catalog-amnh-mammals-m-144014,urn:lsid:biocol.org:col:34925,,,AMNH,Mammals,,PreservedSpecimen,,,,urn:catalog:AMNH:Mammals:M-144014,M-144014,124,W. J. Schaldach,1,female,,,,,present,Not Mounted,,,,,,,,,,,,,,,,,,1945-05-02,,122,122,1945,5,2,5/2/1945,,,,,,,,North America;USA;Arizona;Pima Co.;;;;,North America,,,,US,,"North America; USA; Arizona; Pima Co.; ; ; ; ; ; ; North America; USA; Arizona; Pima Co.; ; ; ; ; ; ; Tucson, Sabino Canyon, Santa Catalina Mountains",945,945,945,3100 ft,,,,,,,,,,,,,,,,,,,,,,,,,,,,,,,,,,,,,,,,,,,,,,,,,,,Spermophilus variegatus grammurus,Otospermophilus variegatus,,,,,Animalia;Chordata;Mammalia;Rodentia;Sciuridae;Spermophilus,Animalia,Chordata,Mammalia,Rodentia,Sciuridae,Spermophilus,,variegatus,grammurus,subspecies,,,,ICZN,,,,,,,,,female,,American Museum of Natural History. AMNH Mammal Collections. Source: http://ipt.vertnet.org:8080/ipt/resource.do?r=amnh_mammals (source published on 2015-02-12),96ca66b4-f762-11e1-a439-00145eb45e9a,ccd1ddc0-6c21-11de-8224-b8a03c50a862,trombone@amnh.org,Tom Trombone,2/12/2015,8/10/2016,8/14/2013,0,0,0,0,,specimen,0,849
"Tucson, Sabino Canyon, Santa Catalina Mountains",United States,Arizona,Pima,32.322298,-110.809812,yes,Medium(74),,"32.458674,-110.750382,(g3)Santa Catalina Mountains|Unavailable|18212|Medium(74),32.430353,-110.70537,SANTA CATALINA MOUNTAINS|Unavailable|Unavailable|Low(54),32.4167,-110.7,SANTA CATALINA MOUNTAINS|Unavailable|Unavailable|Low(54),31.865916,-111.456772,SABINO CANYON|Unavailable|Unavailable|Low(43),31.8167,-111.5667,SABINO CANYON|Unavailable|Unavailable|Low(43),32.322298,-110.809812,SABINO CANYON|Unavailable|Unavailable|Low(43),32.505556,-110.921111,CATALINA|AZ:ppl:869@PPL|Unavailable|Low(39),32.5,-110.9167,CATALINA|Unavailable|Unavailable|Low(38),32.221743,-110.926479,TUCSON|AZ:ppl:1068@PPL|Unavailable|Low(37),32.2167,-110.9167,TUCSON|Unavailable|Unavailable|Low(36)",,,PhysicalObject,8/7/2013,,,http://www.vertnet.org/resources/norms.html,American Museum of Natural History. AMNH Mammal Collections. Record ID: urn:catalog:AMNH:Mammals:M-144015. Source: http://ipt.vertnet.org:8080/ipt/resource.do?r=amnh_mammals (source published on 2015-02-12),http://portal.vertnet.org/o/amnh/mammals?id=urn-catalog-amnh-mammals-m-144015,urn:lsid:biocol.org:col:34925,,,AMNH,Mammals,,PreservedSpecimen,,,,urn:catalog:AMNH:Mammals:M-144015,M-144015,125,W. J. Schaldach,1,female,,,,,present,Not Mounted,,,,,,,,,,,,,,,,,,1945-05-02,,122,122,1945,5,2,5/2/1945,,,,,,,,North America;USA;Arizona;Pima Co.;;;;,North America,,,,US,,"North America; USA; Arizona; Pima Co.; ; ; ; ; ; ; North America; USA; Arizona; Pima Co.; ; ; ; ; ; ; Tucson, Sabino Canyon, Santa Catalina Mountains",945,945,945,3100 ft,,,,,,,,,,,,,,,,,,,,,,,,,,,,,,,,,,,,,,,,,,,,,,,,,,,Spermophilus tereticaudus neglectus,Xerospermophilus tereticaudus,,,,,Animalia;Chordata;Mammalia;Rodentia;Sciuridae;Spermophilus,Animalia,Chordata,Mammalia,Rodentia,Sciuridae,Spermophilus,,tereticaudus,neglectus,subspecies,,,,ICZN,,,,,,,,,female,,American Museum of Natural History. AMNH Mammal Collections. Source: http://ipt.vertnet.org:8080/ipt/resource.do?r=amnh_mammals (source published on 2015-02-12),96ca66b4-f762-11e1-a439-00145eb45e9a,ccd1ddc0-6c21-11de-8224-b8a03c50a862,trombone@amnh.org,Tom Trombone,2/12/2015,8/10/2016,8/14/2013,0,0,0,0,,specimen,0,849
"Tucson, Sabino Canyon, Santa Catalina Mountains",United States,Arizona,Pima,32.322298,-110.809812,yes,Medium(74),,"32.458674,-110.750382,(g3)Santa Catalina Mountains|Unavailable|18212|Medium(74),32.430353,-110.70537,SANTA CATALINA MOUNTAINS|Unavailable|Unavailable|Low(54),32.4167,-110.7,SANTA CATALINA MOUNTAINS|Unavailable|Unavailable|Low(54),31.865916,-111.456772,SABINO CANYON|Unavailable|Unavailable|Low(43),31.8167,-111.5667,SABINO CANYON|Unavailable|Unavailable|Low(43),32.322298,-110.809812,SABINO CANYON|Unavailable|Unavailable|Low(43),32.505556,-110.921111,CATALINA|AZ:ppl:869@PPL|Unavailable|Low(39),32.5,-110.9167,CATALINA|Unavailable|Unavailable|Low(38),32.221743,-110.926479,TUCSON|AZ:ppl:1068@PPL|Unavailable|Low(37),32.2167,-110.9167,TUCSON|Unavailable|Unavailable|Low(36)",,,PhysicalObject,8/7/2013,,,http://www.vertnet.org/resources/norms.html,American Museum of Natural History. AMNH Mammal Collections. Record ID: urn:catalog:AMNH:Mammals:M-144002. Source: http://ipt.vertnet.org:8080/ipt/resource.do?r=amnh_mammals (source published on 2015-02-12),http://portal.vertnet.org/o/amnh/mammals?id=urn-catalog-amnh-mammals-m-144002,urn:lsid:biocol.org:col:34925,,,AMNH,Mammals,,PreservedSpecimen,,,,urn:catalog:AMNH:Mammals:M-144002,M-144002,M 118,W. J. Schaldach,1,female,,,,,present,Not Mounted,,,,,,,,,,,,,,,,,,1945-04-20,,110,110,1945,4,20,4/20/1945,,,,,,,,North America;USA;Arizona;Pima Co.;;;;,North America,,,,US,,"North America; USA; Arizona; Pima Co.; ; ; ; ; ; ; North America; USA; Arizona; Pima Co.; ; ; ; ; ; ; Tucson, Sabino Canyon, Santa Catalina Mountains",,,,,,,,,,,,,,,,,,,,,,,,,,,,,,,,,,,,,,,,,,,,,,,,,,,,,,,Ammospermophilus harrisii harrisii,Ammospermophilus harrisii,,,,,Animalia;Chordata;Mammalia;Rodentia;Sciuridae;Ammospermophilus,Animalia,Chordata,Mammalia,Rodentia,Sciuridae,Ammospermophilus,,harrisii,harrisii,subspecies,,,,ICZN,,,,,,,,,female,,American Museum of Natural History. AMNH Mammal Collections. Source: http://ipt.vertnet.org:8080/ipt/resource.do?r=amnh_mammals (source published on 2015-02-12),96ca66b4-f762-11e1-a439-00145eb45e9a,ccd1ddc0-6c21-11de-8224-b8a03c50a862,trombone@amnh.org,Tom Trombone,2/12/2015,8/10/2016,8/14/2013,0,0,0,0,,specimen,0,849
"Tucson, Sabino Canyon, Santa Catalina Mountains",United States,Arizona,Pima,32.322298,-110.809812,yes,Medium(74),,"32.458674,-110.750382,(g3)Santa Catalina Mountains|Unavailable|18212|Medium(74),32.430353,-110.70537,SANTA CATALINA MOUNTAINS|Unavailable|Unavailable|Low(54),32.4167,-110.7,SANTA CATALINA MOUNTAINS|Unavailable|Unavailable|Low(54),31.865916,-111.456772,SABINO CANYON|Unavailable|Unavailable|Low(43),31.8167,-111.5667,SABINO CANYON|Unavailable|Unavailable|Low(43),32.322298,-110.809812,SABINO CANYON|Unavailable|Unavailable|Low(43),32.505556,-110.921111,CATALINA|AZ:ppl:869@PPL|Unavailable|Low(39),32.5,-110.9167,CATALINA|Unavailable|Unavailable|Low(38),32.221743,-110.926479,TUCSON|AZ:ppl:1068@PPL|Unavailable|Low(37),32.2167,-110.9167,TUCSON|Unavailable|Unavailable|Low(36)",,,PhysicalObject,8/7/2013,,,http://www.vertnet.org/resources/norms.html,American Museum of Natural History. AMNH Mammal Collections. Record ID: urn:catalog:AMNH:Mammals:M-144003. Source: http://ipt.vertnet.org:8080/ipt/resource.do?r=amnh_mammals (source published on 2015-02-12),http://portal.vertnet.org/o/amnh/mammals?id=urn-catalog-amnh-mammals-m-144003,urn:lsid:biocol.org:col:34925,,,AMNH,Mammals,,PreservedSpecimen,,,,urn:catalog:AMNH:Mammals:M-144003,M-144003,M 117,W. J. Schaldach,1,female,,,,,present,Not Mounted,,,,,,,,,,,,,,,,,,1945-04-19,,109,109,1945,4,19,4/19/1945,,,,,,,,North America;USA;Arizona;Pima Co.;;;;,North America,,,,US,,"North America; USA; Arizona; Pima Co.; ; ; ; ; ; ; North America; USA; Arizona; Pima Co.; ; ; ; ; ; ; Tucson, Sabino Canyon, Santa Catalina Mountains",,,,,,,,,,,,,,,,,,,,,,,,,,,,,,,,,,,,,,,,,,,,,,,,,,,,,,,Spermophilus tereticaudus neglectus,Xerospermophilus tereticaudus,,,,,Animalia;Chordata;Mammalia;Rodentia;Sciuridae;Spermophilus,Animalia,Chordata,Mammalia,Rodentia,Sciuridae,Spermophilus,,tereticaudus,neglectus,subspecies,,,,ICZN,,,,,,,,,female,,American Museum of Natural History. AMNH Mammal Collections. Source: http://ipt.vertnet.org:8080/ipt/resource.do?r=amnh_mammals (source published on 2015-02-12),96ca66b4-f762-11e1-a439-00145eb45e9a,ccd1ddc0-6c21-11de-8224-b8a03c50a862,trombone@amnh.org,Tom Trombone,2/12/2015,8/10/2016,8/14/2013,0,0,0,0,,specimen,0,849
"Tucson, Sabino Canyon, Santa Catalina Mountains",United States,Arizona,Pima,32.322298,-110.809812,yes,Medium(74),,"32.458674,-110.750382,(g3)Santa Catalina Mountains|Unavailable|18212|Medium(74),32.430353,-110.70537,SANTA CATALINA MOUNTAINS|Unavailable|Unavailable|Low(54),32.4167,-110.7,SANTA CATALINA MOUNTAINS|Unavailable|Unavailable|Low(54),31.865916,-111.456772,SABINO CANYON|Unavailable|Unavailable|Low(43),31.8167,-111.5667,SABINO CANYON|Unavailable|Unavailable|Low(43),32.322298,-110.809812,SABINO CANYON|Unavailable|Unavailable|Low(43),32.505556,-110.921111,CATALINA|AZ:ppl:869@PPL|Unavailable|Low(39),32.5,-110.9167,CATALINA|Unavailable|Unavailable|Low(38),32.221743,-110.926479,TUCSON|AZ:ppl:1068@PPL|Unavailable|Low(37),32.2167,-110.9167,TUCSON|Unavailable|Unavailable|Low(36)",,,PhysicalObject,8/7/2013,,,http://www.vertnet.org/resources/norms.html,American Museum of Natural History. AMNH Mammal Collections. Record ID: urn:catalog:AMNH:Mammals:M-144009. Source: http://ipt.vertnet.org:8080/ipt/resource.do?r=amnh_mammals (source published on 2015-02-12),http://portal.vertnet.org/o/amnh/mammals?id=urn-catalog-amnh-mammals-m-144009,urn:lsid:biocol.org:col:34925,,,AMNH,Mammals,,PreservedSpecimen,,,,urn:catalog:AMNH:Mammals:M-144009,M-144009,119,W. J. Schaldach,1,male,,,,,present,Not Mounted,,,,,,,,,,,,,,,,,,1945-04-21,,111,111,1945,4,21,4/21/1945,,,,,,,,North America;USA;Arizona;Pima Co.;;;;,North America,,,,US,,"North America; USA; Arizona; Pima Co.; ; ; ; ; ; ; North America; USA; Arizona; Pima Co.; ; ; ; ; ; ; Tucson, Sabino Canyon, Santa Catalina Mountains",945,945,945,3100 ft,,,,,,,,,,,,,,,,,,,,,,,,,,,,,,,,,,,,,,,,,,,,,,,,,,,Bassariscus astutus arizonensis,Bassariscus astutus,,,,,Animalia;Chordata;Mammalia;Carnivora;Procyonidae;Bassariscus,Animalia,Chordata,Mammalia,Carnivora,Procyonidae,Bassariscus,,astutus,arizonensis,subspecies,,,,ICZN,,,,,,,,,male,,American Museum of Natural History. AMNH Mammal Collections. Source: http://ipt.vertnet.org:8080/ipt/resource.do?r=amnh_mammals (source published on 2015-02-12),96ca66b4-f762-11e1-a439-00145eb45e9a,ccd1ddc0-6c21-11de-8224-b8a03c50a862,trombone@amnh.org,Tom Trombone,2/12/2015,8/10/2016,8/14/2013,0,0,0,0,,specimen,0,849
"Tucson, Sabino Canyon, Santa Catalina Mountains",United States,Arizona,Pima,32.322298,-110.809812,yes,Medium(74),,"32.458674,-110.750382,(g3)Santa Catalina Mountains|Unavailable|18212|Medium(74),32.430353,-110.70537,SANTA CATALINA MOUNTAINS|Unavailable|Unavailable|Low(54),32.4167,-110.7,SANTA CATALINA MOUNTAINS|Unavailable|Unavailable|Low(54),31.865916,-111.456772,SABINO CANYON|Unavailable|Unavailable|Low(43),31.8167,-111.5667,SABINO CANYON|Unavailable|Unavailable|Low(43),32.322298,-110.809812,SABINO CANYON|Unavailable|Unavailable|Low(43),32.505556,-110.921111,CATALINA|AZ:ppl:869@PPL|Unavailable|Low(39),32.5,-110.9167,CATALINA|Unavailable|Unavailable|Low(38),32.221743,-110.926479,TUCSON|AZ:ppl:1068@PPL|Unavailable|Low(37),32.2167,-110.9167,TUCSON|Unavailable|Unavailable|Low(36)",,,PhysicalObject,8/7/2013,,,http://www.vertnet.org/resources/norms.html,American Museum of Natural History. AMNH Mammal Collections. Record ID: urn:catalog:AMNH:Mammals:M-144010. Source: http://ipt.vertnet.org:8080/ipt/resource.do?r=amnh_mammals (source published on 2015-02-12),http://portal.vertnet.org/o/amnh/mammals?id=urn-catalog-amnh-mammals-m-144010,urn:lsid:biocol.org:col:34925,,,AMNH,Mammals,,PreservedSpecimen,,,,urn:catalog:AMNH:Mammals:M-144010,M-144010,121,W. J. Schaldach,1,male,Juvenile,,,,present,Not Mounted,,,,,,,Note in catalog: Juvenile,,,,,,,,,,,1945-04-25,,115,115,1945,4,25,4/25/1945,,,,,,,,North America;USA;Arizona;Pima Co.;;;;,North America,,,,US,,"North America; USA; Arizona; Pima Co.; ; ; ; ; ; ; North America; USA; Arizona; Pima Co.; ; ; ; ; ; ; Tucson, Sabino Canyon, Santa Catalina Mountains",945,945,945,3100 ft,,,,,,,,,,,,,,,,,,,,,,,,,,,,,,,,,,,,,,,,,,,,,,,,,,,Bassariscus astutus arizonensis,Bassariscus astutus,,,,,Animalia;Chordata;Mammalia;Carnivora;Procyonidae;Bassariscus,Animalia,Chordata,Mammalia,Carnivora,Procyonidae,Bassariscus,,astutus,arizonensis,subspecies,,,,ICZN,,,,,,,,,male,,American Museum of Natural History. AMNH Mammal Collections. Source: http://ipt.vertnet.org:8080/ipt/resource.do?r=amnh_mammals (source published on 2015-02-12),96ca66b4-f762-11e1-a439-00145eb45e9a,ccd1ddc0-6c21-11de-8224-b8a03c50a862,trombone@amnh.org,Tom Trombone,2/12/2015,8/10/2016,8/14/2013,0,0,0,0,,specimen,0,849
"Tucson, Sabino Canyon, Santa Catalina Mountains",United States,Arizona,Pima,32.322298,-110.809812,yes,Medium(74),,"32.458674,-110.750382,(g3)Santa Catalina Mountains|Unavailable|18212|Medium(74),32.430353,-110.70537,SANTA CATALINA MOUNTAINS|Unavailable|Unavailable|Low(54),32.4167,-110.7,SANTA CATALINA MOUNTAINS|Unavailable|Unavailable|Low(54),31.865916,-111.456772,SABINO CANYON|Unavailable|Unavailable|Low(43),31.8167,-111.5667,SABINO CANYON|Unavailable|Unavailable|Low(43),32.322298,-110.809812,SABINO CANYON|Unavailable|Unavailable|Low(43),32.505556,-110.921111,CATALINA|AZ:ppl:869@PPL|Unavailable|Low(39),32.5,-110.9167,CATALINA|Unavailable|Unavailable|Low(38),32.221743,-110.926479,TUCSON|AZ:ppl:1068@PPL|Unavailable|Low(37),32.2167,-110.9167,TUCSON|Unavailable|Unavailable|Low(36)",,,PhysicalObject,8/7/2013,,,http://www.vertnet.org/resources/norms.html,American Museum of Natural History. AMNH Mammal Collections. Record ID: urn:catalog:AMNH:Mammals:M-144011. Source: http://ipt.vertnet.org:8080/ipt/resource.do?r=amnh_mammals (source published on 2015-02-12),http://portal.vertnet.org/o/amnh/mammals?id=urn-catalog-amnh-mammals-m-144011,urn:lsid:biocol.org:col:34925,,,AMNH,Mammals,,PreservedSpecimen,,,,urn:catalog:AMNH:Mammals:M-144011,M-144011,120,W. J. Schaldach,1,female,,,,,present,,,,,,,,,,,,,,,,,,,1945-04-21,,111,111,1945,4,21,4/21/1945,,,,,,,,North America;USA;Arizona;Pima Co.;;;;,North America,,,,US,,"North America; USA; Arizona; Pima Co.; ; ; ; ; ; ; North America; USA; Arizona; Pima Co.; ; ; ; ; ; ; Tucson, Sabino Canyon, Santa Catalina Mountains",945,945,945,3100 ft,,,,,,,,,,,,,,,,,,,,,,,,,,,,,,,,,,,,,,,,,,,,,,,,,,,Spilogale putorius,Spilogale gracilis,,,,,Animalia;Chordata;Mammalia;Carnivora;Mephitidae;Spilogale,Animalia,Chordata,Mammalia,Carnivora,Mephitidae,Spilogale,,putorius,,species,,,,ICZN,,,,,,,,,female,,American Museum of Natural History. AMNH Mammal Collections. Source: http://ipt.vertnet.org:8080/ipt/resource.do?r=amnh_mammals (source published on 2015-02-12),96ca66b4-f762-11e1-a439-00145eb45e9a,ccd1ddc0-6c21-11de-8224-b8a03c50a862,trombone@amnh.org,Tom Trombone,2/12/2015,8/10/2016,8/14/2013,0,0,0,0,,specimen,0,849
"Tucson, Sabino Canyon, Santa Catalina Mountains",United States,Arizona,Pima,32.458674,-110.750382,yes,Medium(74),,"32.458674,-110.750382,(g3)Santa Catalina Mountains|Unavailable|18212|Medium(74),32.430353,-110.70537,SANTA CATALINA MOUNTAINS|Unavailable|Unavailable|Low(54),32.4167,-110.7,SANTA CATALINA MOUNTAINS|Unavailable|Unavailable|Low(54),31.865916,-111.456772,SABINO CANYON|Unavailable|Unavailable|Low(43),31.8167,-111.5667,SABINO CANYON|Unavailable|Unavailable|Low(43),32.322298,-110.809812,SABINO CANYON|Unavailable|Unavailable|Low(43),32.505556,-110.921111,CATALINA|AZ:ppl:869@PPL|Unavailable|Low(39),32.5,-110.9167,CATALINA|Unavailable|Unavailable|Low(38),32.221743,-110.926479,TUCSON|AZ:ppl:1068@PPL|Unavailable|Low(37),32.2167,-110.9167,TUCSON|Unavailable|Unavailable|Low(36)",,,PhysicalObject,8/7/2013,,,http://www.vertnet.org/resources/norms.html,American Museum of Natural History. AMNH Mammal Collections. Record ID: urn:catalog:AMNH:Mammals:M-144012. Source: http://ipt.vertnet.org:8080/ipt/resource.do?r=amnh_mammals (source published on 2015-02-12),http://portal.vertnet.org/o/amnh/mammals?id=urn-catalog-amnh-mammals-m-144012,urn:lsid:biocol.org:col:34925,,,AMNH,Mammals,,PreservedSpecimen,,,,urn:catalog:AMNH:Mammals:M-144012,M-144012,128,W. J. Schaldach,1,female,,,,,present,,,,,,,,,,,,,,,,,,,1945-05-04,,124,124,1945,5,4,5/4/1945,,,,,,,,North America;USA;Arizona;Pima Co.;;;;,North America,,,,US,,"North America; USA; Arizona; Pima Co.; ; ; ; ; ; ; North America; USA; Arizona; Pima Co.; ; ; ; ; ; ; Tucson, Sabino Canyon, Santa Catalina Mountains",945,945,945,3100 ft,,,,,,,,,,,,,,,,,,,,,,,,,,,,,,,,,,,,,,,,,,,,,,,,,,,Spilogale putorius,Spilogale gracilis,,,,,Animalia;Chordata;Mammalia;Carnivora;Mephitidae;Spilogale,Animalia,Chordata,Mammalia,Carnivora,Mephitidae,Spilogale,,putorius,,species,,,,ICZN,,,,,,,,,female,,American Museum of Natural History. AMNH Mammal Collections. Source: http://ipt.vertnet.org:8080/ipt/resource.do?r=amnh_mammals (source published on 2015-02-12),96ca66b4-f762-11e1-a439-00145eb45e9a,ccd1ddc0-6c21-11de-8224-b8a03c50a862,trombone@amnh.org,Tom Trombone,2/12/2015,8/10/2016,8/14/2013,0,0,0,0,,specimen,0,2304
"Tucson, Sabino Canyon, Santa Catalina Mountains",United States,Arizona,Pima,32.322298,-110.809812,yes,Medium(74),,"32.458674,-110.750382,(g3)Santa Catalina Mountains|Unavailable|18212|Medium(74),32.430353,-110.70537,SANTA CATALINA MOUNTAINS|Unavailable|Unavailable|Low(54),32.4167,-110.7,SANTA CATALINA MOUNTAINS|Unavailable|Unavailable|Low(54),31.865916,-111.456772,SABINO CANYON|Unavailable|Unavailable|Low(43),31.8167,-111.5667,SABINO CANYON|Unavailable|Unavailable|Low(43),32.322298,-110.809812,SABINO CANYON|Unavailable|Unavailable|Low(43),32.505556,-110.921111,CATALINA|AZ:ppl:869@PPL|Unavailable|Low(39),32.5,-110.9167,CATALINA|Unavailable|Unavailable|Low(38),32.221743,-110.926479,TUCSON|AZ:ppl:1068@PPL|Unavailable|Low(37),32.2167,-110.9167,TUCSON|Unavailable|Unavailable|Low(36)",,,PhysicalObject,8/7/2013,,,http://www.vertnet.org/resources/norms.html,American Museum of Natural History. AMNH Mammal Collections. Record ID: urn:catalog:AMNH:Mammals:M-144013. Source: http://ipt.vertnet.org:8080/ipt/resource.do?r=amnh_mammals (source published on 2015-02-12),http://portal.vertnet.org/o/amnh/mammals?id=urn-catalog-amnh-mammals-m-144013,urn:lsid:biocol.org:col:34925,,,AMNH,Mammals,,PreservedSpecimen,,,,urn:catalog:AMNH:Mammals:M-144013,M-144013,129,W. J. Schaldach,1,undetermined,,,,,present,Not Mounted,,,,,,,,,,,,,,,,,,,,,,,,,,,,,,,,,North America;USA;Arizona;Pima Co.;;;;,North America,,,,US,,"North America; USA; Arizona; Pima Co.; ; ; ; ; ; ; North America; USA; Arizona; Pima Co.; ; ; ; ; ; ; Tucson, Sabino Canyon, Santa Catalina Mountains",945,945,945,3100 ft,,,,,,,,,,,,,,,,,,,,,,,,,,,,,,,,,,,,,,,,,,,,,,,,,,,Spilogale putorius,Spilogale gracilis,,,,,Animalia;Chordata;Mammalia;Carnivora;Mephitidae;Spilogale,Animalia,Chordata,Mammalia,Carnivora,Mephitidae,Spilogale,,putorius,,species,,,,ICZN,,,,,,,,,unknown,,American Museum of Natural History. AMNH Mammal Collections. Source: http://ipt.vertnet.org:8080/ipt/resource.do?r=amnh_mammals (source published on 2015-02-12),96ca66b4-f762-11e1-a439-00145eb45e9a,ccd1ddc0-6c21-11de-8224-b8a03c50a862,trombone@amnh.org,Tom Trombone,2/12/2015,8/10/2016,8/14/2013,0,0,0,0,,specimen,0,849
"Tucson, Sabino Canyon, Santa Catalina Mountains",United States,Arizona,Pima,32.322298,-110.809812,yes,Medium(74),,"32.458674,-110.750382,(g3)Santa Catalina Mountains|Unavailable|18212|Medium(74),32.430353,-110.70537,SANTA CATALINA MOUNTAINS|Unavailable|Unavailable|Low(54),32.4167,-110.7,SANTA CATALINA MOUNTAINS|Unavailable|Unavailable|Low(54),31.865916,-111.456772,SABINO CANYON|Unavailable|Unavailable|Low(43),31.8167,-111.5667,SABINO CANYON|Unavailable|Unavailable|Low(43),32.322298,-110.809812,SABINO CANYON|Unavailable|Unavailable|Low(43),32.505556,-110.921111,CATALINA|AZ:ppl:869@PPL|Unavailable|Low(39),32.5,-110.9167,CATALINA|Unavailable|Unavailable|Low(38),32.221743,-110.926479,TUCSON|AZ:ppl:1068@PPL|Unavailable|Low(37),32.2167,-110.9167,TUCSON|Unavailable|Unavailable|Low(36)",,,PhysicalObject,8/7/2013,,,http://www.vertnet.org/resources/norms.html,American Museum of Natural History. AMNH Mammal Collections. Record ID: urn:catalog:AMNH:Mammals:M-144017. Source: http://ipt.vertnet.org:8080/ipt/resource.do?r=amnh_mammals (source published on 2015-02-12),http://portal.vertnet.org/o/amnh/mammals?id=urn-catalog-amnh-mammals-m-144017,urn:lsid:biocol.org:col:34925,,,AMNH,Mammals,,PreservedSpecimen,,,,urn:catalog:AMNH:Mammals:M-144017,M-144017,M 122,W. J. Schaldach,1,female,,,,,present,Not Mounted,,,,,,,,,,,,,,,,,,1945-05-01,,121,121,1945,5,1,5/1/1945,,,,,,,,North America;USA;Arizona;Pima Co.;;;;,North America,,,,US,,"North America; USA; Arizona; Pima Co.; ; ; ; ; ; ; North America; USA; Arizona; Pima Co.; ; ; ; ; ; ; Tucson, Sabino Canyon, Santa Catalina Mountains",,,,,,,,,,,,,,,,,,,,,,,,,,,,,,,,,,,,,,,,,,,,,,sp.,,,,,,,,,Peromyscus,Peromyscus,,,,,Animalia;Chordata;Mammalia;Rodentia;Cricetidae;Peromyscus,Animalia,Chordata,Mammalia,Rodentia,Cricetidae,Peromyscus,,,,genus,,,,ICZN,,,,,,,,,female,,American Museum of Natural History. AMNH Mammal Collections. Source: http://ipt.vertnet.org:8080/ipt/resource.do?r=amnh_mammals (source published on 2015-02-12),96ca66b4-f762-11e1-a439-00145eb45e9a,ccd1ddc0-6c21-11de-8224-b8a03c50a862,trombone@amnh.org,Tom Trombone,2/12/2015,8/10/2016,8/14/2013,0,0,0,0,,specimen,0,849
"Tucson, Sabino Canyon, Santa Catalina Mountains",United States,Arizona,Pima,32.322298,-110.809812,yes,Medium(74),,"32.458674,-110.750382,(g3)Santa Catalina Mountains|Unavailable|18212|Medium(74),32.430353,-110.70537,SANTA CATALINA MOUNTAINS|Unavailable|Unavailable|Low(54),32.4167,-110.7,SANTA CATALINA MOUNTAINS|Unavailable|Unavailable|Low(54),31.865916,-111.456772,SABINO CANYON|Unavailable|Unavailable|Low(43),31.8167,-111.5667,SABINO CANYON|Unavailable|Unavailable|Low(43),32.322298,-110.809812,SABINO CANYON|Unavailable|Unavailable|Low(43),32.505556,-110.921111,CATALINA|AZ:ppl:869@PPL|Unavailable|Low(39),32.5,-110.9167,CATALINA|Unavailable|Unavailable|Low(38),32.221743,-110.926479,TUCSON|AZ:ppl:1068@PPL|Unavailable|Low(37),32.2167,-110.9167,TUCSON|Unavailable|Unavailable|Low(36)",,,PhysicalObject,8/7/2013,,,http://www.vertnet.org/resources/norms.html,American Museum of Natural History. AMNH Mammal Collections. Record ID: urn:catalog:AMNH:Mammals:M-144018. Source: http://ipt.vertnet.org:8080/ipt/resource.do?r=amnh_mammals (source published on 2015-02-12),http://portal.vertnet.org/o/amnh/mammals?id=urn-catalog-amnh-mammals-m-144018,urn:lsid:biocol.org:col:34925,,,AMNH,Mammals,,PreservedSpecimen,,,,urn:catalog:AMNH:Mammals:M-144018,M-144018,127,W. J. Schaldach,1,male,,,,,present,,,,,,,,,,,,,,,,,,,1945-05-04,,124,124,1945,5,4,5/4/1945,,,,,,,,North America;USA;Arizona;Pima Co.;;;;,North America,,,,US,,"North America; USA; Arizona; Pima Co.; ; ; ; ; ; ; North America; USA; Arizona; Pima Co.; ; ; ; ; ; ; Tucson, Sabino Canyon, Santa Catalina Mountains",,,,,,,,,,,,,,,,,,,,,,,,,,,,,,,,,,,,,,,,,,,,,,sp.,,,,,,,,,Peromyscus,Peromyscus,,,,,Animalia;Chordata;Mammalia;Rodentia;Cricetidae;Peromyscus,Animalia,Chordata,Mammalia,Rodentia,Cricetidae,Peromyscus,,,,genus,,,,ICZN,,,,,,,,,male,,American Museum of Natural History. AMNH Mammal Collections. Source: http://ipt.vertnet.org:8080/ipt/resource.do?r=amnh_mammals (source published on 2015-02-12),96ca66b4-f762-11e1-a439-00145eb45e9a,ccd1ddc0-6c21-11de-8224-b8a03c50a862,trombone@amnh.org,Tom Trombone,2/12/2015,8/10/2016,8/14/2013,0,0,0,0,,specimen,0,849
"Tucson, Sabino Canyon, Santa Catalina Mountains",United States,Arizona,Pima,32.322298,-110.809812,yes,Medium(74),,"32.458674,-110.750382,(g3)Santa Catalina Mountains|Unavailable|18212|Medium(74),32.430353,-110.70537,SANTA CATALINA MOUNTAINS|Unavailable|Unavailable|Low(54),32.4167,-110.7,SANTA CATALINA MOUNTAINS|Unavailable|Unavailable|Low(54),31.865916,-111.456772,SABINO CANYON|Unavailable|Unavailable|Low(43),31.8167,-111.5667,SABINO CANYON|Unavailable|Unavailable|Low(43),32.322298,-110.809812,SABINO CANYON|Unavailable|Unavailable|Low(43),32.505556,-110.921111,CATALINA|AZ:ppl:869@PPL|Unavailable|Low(39),32.5,-110.9167,CATALINA|Unavailable|Unavailable|Low(38),32.221743,-110.926479,TUCSON|AZ:ppl:1068@PPL|Unavailable|Low(37),32.2167,-110.9167,TUCSON|Unavailable|Unavailable|Low(36)",,,PhysicalObject,8/7/2013,,,http://www.vertnet.org/resources/norms.html,American Museum of Natural History. AMNH Mammal Collections. Record ID: urn:catalog:AMNH:Mammals:M-144019. Source: http://ipt.vertnet.org:8080/ipt/resource.do?r=amnh_mammals (source published on 2015-02-12),http://portal.vertnet.org/o/amnh/mammals?id=urn-catalog-amnh-mammals-m-144019,urn:lsid:biocol.org:col:34925,,,AMNH,Mammals,,PreservedSpecimen,,,,urn:catalog:AMNH:Mammals:M-144019,M-144019,130,W. J. Schaldach,1,female,,,,,present,Not Mounted,,,,,,,,,,,,,,,,,,1945-05-13,,133,133,1945,5,13,5/13/1945,,,,,,,,North America;USA;Arizona;Pima Co.;;;;,North America,,,,US,,"North America; USA; Arizona; Pima Co.; ; ; ; ; ; ; North America; USA; Arizona; Pima Co.; ; ; ; ; ; ; Tucson, Sabino Canyon, Santa Catalina Mountains",,,,,,,,,,,,,,,,,,,,,,,,,,,,,,,,,,,,,,,,,,,,,,sp.,,,,,,,,,Peromyscus,Peromyscus,,,,,Animalia;Chordata;Mammalia;Rodentia;Cricetidae;Peromyscus,Animalia,Chordata,Mammalia,Rodentia,Cricetidae,Peromyscus,,,,genus,,,,ICZN,,,,,,,,,female,,American Museum of Natural History. AMNH Mammal Collections. Source: http://ipt.vertnet.org:8080/ipt/resource.do?r=amnh_mammals (source published on 2015-02-12),96ca66b4-f762-11e1-a439-00145eb45e9a,ccd1ddc0-6c21-11de-8224-b8a03c50a862,trombone@amnh.org,Tom Trombone,2/12/2015,8/10/2016,8/14/2013,0,0,0,0,,specimen,0,849
Lower Sabino Canyon Campground,United States,Arizona,Pima,32.322298,-110.809812,yes,Low(43),,"31.865916,-111.456772,SABINO CANYON|Unavailable|Unavailable|Low(43),32.322298,-110.809812,SABINO CANYON|Unavailable|Unavailable|Low(43),31.8167,-111.5667,SABINO CANYON|Unavailable|Unavailable|Low(43)",27245,,PhysicalObject,,,,,,,,,,USNM,Mammals,,PreservedSpecimen,,,,,297664,Mammals Field Number: 47,"Anderson, H.",,Male,,,,,,Skin; Skull,,,,,,,,,,,,,,,,,,1951-01-05,,,,,,,,,,,,,,,,North America,,,,US,,,,,,,,,,,,,,,,,,,,,,,,,,,,,,,,,,,,,,,,,,,,,,,,,,,,,,,,,Neotoma albigula albigula,Neotoma albigula,,,,,Animalia;Chordata;Mammalia;Rodentia;Cricetidae;Neotoma,Animalia,Chordata,Mammalia,Rodentia,Cricetidae,Neotoma,,albigula,,subspecies,,,,,,,,,,,,,,,,,,,,,,,,,,,,,,849
"Santa Catalina Mtns., Marshall Gulch",United States,Arizona,Pima,32.427854,-110.75565,yes,Low(44),,"32.4167,-110.7667,MARSHALL GULCH|Unavailable|Unavailable|Low(44),32.427854,-110.75565,MARSHALL GULCH|Unavailable|Unavailable|Low(44),32.505556,-110.921111,CATALINA|AZ:ppl:869@PPL|Unavailable|Low(39),32.5,-110.9167,CATALINA|Unavailable|Unavailable|Low(38)",Unavailable,,PhysicalObject,,,,,,,,,,USNM,Mammals,,PreservedSpecimen,,,,,601274,Mammals Field Number: WB 330,,,Male,,,,,,Skin; Skull,,,,,,,,,,,,,,,,,,1965-08-13,,,,,,,,,,,,,,,,North America,,,,US,,,2347,2347,2347,,,,,,,,,,,,,,,,,,,,,,,,,,,,,,,,,,,,,,,,,,,,,,,,,,,,Myotis thysanodes thysanodes,Myotis thysanodes,,,,,Animalia;Chordata;Mammalia;Chiroptera;Vespertilionidae;Myotis,Animalia,Chordata,Mammalia,Chiroptera,Vespertilionidae,Myotis,,thysanodes,,subspecies,,,,,,,,,,,,,,,,,,,,,,,,,,,,,,2305
"Tucson, 3 Mi N Of Rillito Creek, E Of N Campbell Avenue",United States,Arizona,Pima,32.310238,-110.8667,no,High(88),,"32.310238,-110.8667,Distance North of RILLITO CREEK|Unavailable|Unavailable|High(88),32.443537,-111.15,Distance North of RILLITO|Unavailable|Unavailable|High(82),32.458331,-111.156215,Distance North of RILLITO|Unavailable|Unavailable|High(82),32.221743,-110.926479,TUCSON|AZ:ppl:1068@PPL|Unavailable|Low(37),32.2167,-110.9167,TUCSON|Unavailable|Unavailable|Low(36)",4764,,PhysicalObject,,,,,,,,,,USNM,Mammals,,PreservedSpecimen,,,,,313859,Mammals Field Number: 5,"Tisch, E. L.",,Male,,,,,,Skin; Skull,,,,,,,,,,,,,,,,,,1958-01-10,,,,,,,,,,,,,,,,North America,,,,US,,,732,732,732,,,,,,,,,,,,,,,,,,,,,,,,,,,,,,,,,,,,,,,,,,,,,,,,,,,,Ammospermophilus harrisii harrisii,Ammospermophilus harrisii,,,,,Animalia;Chordata;Mammalia;Rodentia;Sciuridae;Ammospermophilus,Animalia,Chordata,Mammalia,Rodentia,Sciuridae,Ammospermophilus,,harrisii,,subspecies,,,,,,,,,,,,,,,,,,,,,,,,,,,,,,874
"Catalina Foothills, 8 Mi N, 0.5 Mi E University Of Arizona Campus",United States,Arizona,Pima,32.347978,-110.944884,no,High(96),,"32.347978,-110.944884,Distance NORTH of  then EAST of UNIVERSITY OF ARIZONA|Unavailable|5679|High(96),32.23111,-110.95194,(g3)University of Arizona|Unavailable|829|Medium(71),32.297853,-110.918704,CATALINA FOOTHILLS|AZ:ppl:870@PPL|10446|Low(49),32.2833,-110.9167,CATALINA FOOTHILLS|Unavailable|301|Low(48),32.505556,-110.921111,CATALINA|AZ:ppl:869@PPL|5372|Low(39),32.5,-110.9167,CATALINA|Unavailable|301|Low(38)",5679,,PhysicalObject,,,,,,,,,,USNM,Mammals,,PreservedSpecimen,,,,,313858,Mammals Field Number: 2,"Johnson, R. D.",,Female,,,,,,Skin; Skull,,,,,,,,,,,,,,,,,,1957-10-08,,,,,,,,,,,,,,,,North America,,,,US,,,,,,,,,,,,,,,,,,,,,,,,,,,,,,,,,,,,,,,,,,,,,,,,,,,,,,,,,Ammospermophilus harrisii harrisii,Ammospermophilus harrisii,,,,,Animalia;Chordata;Mammalia;Rodentia;Sciuridae;Ammospermophilus,Animalia,Chordata,Mammalia,Rodentia,Sciuridae,Ammospermophilus,,harrisii,,subspecies,,,,,,,,,,,,,,,,,,,,,,,,,,,,,,890
9 mi N Tucson,United States,Arizona,Pima,32.352358,-110.926479,no,High(82),,"32.352358,-110.926479,Distance North of TUCSON|AZ:ppl:1068@PPL@9@0|34643|High(82),32.347315,-110.9167,Distance North of TUCSON|Unavailable|11945|High(81)",34643,,PhysicalObject,,,,,,,,,,USNM,Mammals,,PreservedSpecimen,,,,,293416,Mammals Field Number: 185/61741,"Dice, L. R.",,Female,,,,,,Skin; Skull,,,,,,,,,,,,,,,,,,1930-04-16,,,,,,,,,,,,,,,,North America,,,,US,,,,,,,,,,,,,,,,,,,,,,,,,,,,,,,,,,,,,,,,,,,,,,,,,,,,,,,,,Ammospermophilus harrisii harrisii,Ammospermophilus harrisii,,,,,Animalia;Chordata;Mammalia;Rodentia;Sciuridae;Ammospermophilus,Animalia,Chordata,Mammalia,Rodentia,Sciuridae,Ammospermophilus,,harrisii,,subspecies,,,,,,,,,,,,,,,,,,,,,,,,,,,,,,1218
"Santa Catalina Mtns., Marshall Gulch",United States,Arizona,Pima,32.4167,-110.7667,no,Low(44),,"32.4167,-110.7667,MARSHALL GULCH|Unavailable|1506|Low(44),32.427854,-110.75565,MARSHALL GULCH|Unavailable|1506|Low(44),32.505556,-110.921111,CATALINA|AZ:ppl:869@PPL|5372|Low(39),32.5,-110.9167,CATALINA|Unavailable|301|Low(38)",1506,,PhysicalObject,,,,,,,,,,USNM,Mammals,,PreservedSpecimen,,,,,601282,Mammals Field Number: WB 212,,,Female,,,,,,Skin; Skull,,,,,,,,,,,,,,,,,,1965-06-21,,,,,,,,,,,,,,,,North America,,,,US,,,2347,2347,2347,,,,,,,,,,,,,,,,,,,,,,,,,,,,,,,,,,,,,,,,,,,,,,,,,,,,Corynorhinus townsendii pallescens,Corynorhinus townsendii,,,,,Animalia;Chordata;Mammalia;Chiroptera;Vespertilionidae;Corynorhinus,Animalia,Chordata,Mammalia,Chiroptera,Vespertilionidae,Corynorhinus,,townsendii,,subspecies,,,,,,,,,,,,,,,,,,,,,,,,,,,,,,2299
"Santa Catalina Mtns., Marshall Gulch",United States,Arizona,Pima,32.4167,-110.7667,no,Low(44),,"32.4167,-110.7667,MARSHALL GULCH|Unavailable|1506|Low(44),32.427854,-110.75565,MARSHALL GULCH|Unavailable|1506|Low(44),32.505556,-110.921111,CATALINA|AZ:ppl:869@PPL|5372|Low(39),32.5,-110.9167,CATALINA|Unavailable|301|Low(38)",1506,,PhysicalObject,,,,,,,,,,USNM,Mammals,,PreservedSpecimen,,,,,601269,Mammals Field Number: WB 213,,,Female,,,,,,Skin; Skull,,,,,,,,,,,,,,,,,,1965-06-21,,,,,,,,,,,,,,,,North America,,,,US,,,2347,2347,2347,,,,,,,,,,,,,,,,,,,,,,,,,,,,,,,,,,,,,,,,,,,,,,,,,,,,Myotis auriculus apache,Myotis auriculus,,,,,Animalia;Chordata;Mammalia;Chiroptera;Vespertilionidae;Myotis,Animalia,Chordata,Mammalia,Chiroptera,Vespertilionidae,Myotis,,auriculus,,subspecies,,,,,,,,,,,,,,,,,,,,,,,,,,,,,,2299
"Santa Catalina Mtns., Marshall Gulch",United States,Arizona,Pima,32.4167,-110.7667,no,Low(44),,"32.4167,-110.7667,MARSHALL GULCH|Unavailable|1506|Low(44),32.427854,-110.75565,MARSHALL GULCH|Unavailable|1506|Low(44),32.505556,-110.921111,CATALINA|AZ:ppl:869@PPL|5372|Low(39),32.5,-110.9167,CATALINA|Unavailable|301|Low(38)",1506,,PhysicalObject,,,,,,,,,,USNM,Mammals,,PreservedSpecimen,,,,,601270,Mammals Field Number: WB 214,,,Female,,,,,,Skin; Skull,,,,,,,,,,,,,,,,,,1965-06-21,,,,,,,,,,,,,,,,North America,,,,US,,,2347,2347,2347,,,,,,,,,,,,,,,,,,,,,,,,,,,,,,,,,,,,,,,,,,,,,,,,,,,,Myotis auriculus apache,Myotis auriculus,,,,,Animalia;Chordata;Mammalia;Chiroptera;Vespertilionidae;Myotis,Animalia,Chordata,Mammalia,Chiroptera,Vespertilionidae,Myotis,,auriculus,,subspecies,,,,,,,,,,,,,,,,,,,,,,,,,,,,,,2299
"Santa Catalina Mtns., Marshall Gulch",United States,Arizona,Pima,32.4167,-110.7667,no,Low(44),,"32.4167,-110.7667,MARSHALL GULCH|Unavailable|1506|Low(44),32.427854,-110.75565,MARSHALL GULCH|Unavailable|1506|Low(44),32.505556,-110.921111,CATALINA|AZ:ppl:869@PPL|5372|Low(39),32.5,-110.9167,CATALINA|Unavailable|301|Low(38)",1506,,PhysicalObject,,,,,,,,,,USNM,Mammals,,PreservedSpecimen,,,,,601271,Mammals Field Number: WB 215,,,Female,,,,,,Skin; Skull,,,,,,,,,,,,,,,,,,1965-06-21,,,,,,,,,,,,,,,,North America,,,,US,,,2347,2347,2347,,,,,,,,,,,,,,,,,,,,,,,,,,,,,,,,,,,,,,,,,,,,,,,,,,,,Myotis auriculus apache,Myotis auriculus,,,,,Animalia;Chordata;Mammalia;Chiroptera;Vespertilionidae;Myotis,Animalia,Chordata,Mammalia,Chiroptera,Vespertilionidae,Myotis,,auriculus,,subspecies,,,,,,,,,,,,,,,,,,,,,,,,,,,,,,2299
"Santa Catalina Mtns., Marshall Gulch",United States,Arizona,Pima,32.4167,-110.7667,no,Low(44),,"32.4167,-110.7667,MARSHALL GULCH|Unavailable|1506|Low(44),32.427854,-110.75565,MARSHALL GULCH|Unavailable|1506|Low(44),32.505556,-110.921111,CATALINA|AZ:ppl:869@PPL|5372|Low(39),32.5,-110.9167,CATALINA|Unavailable|301|Low(38)",1506,,PhysicalObject,,,,,,,,,,USNM,Mammals,,PreservedSpecimen,,,,,601272,Mammals Field Number: WB 216,,,Female,,,,,,Skin; Skull,,,,,,,,,,,,,,,,,,1965-06-21,,,,,,,,,,,,,,,,North America,,,,US,,,2347,2347,2347,,,,,,,,,,,,,,,,,,,,,,,,,,,,,,,,,,,,,,,,,,,,,,,,,,,,Myotis auriculus apache,Myotis auriculus,,,,,Animalia;Chordata;Mammalia;Chiroptera;Vespertilionidae;Myotis,Animalia,Chordata,Mammalia,Chiroptera,Vespertilionidae,Myotis,,auriculus,,subspecies,,,,,,,,,,,,,,,,,,,,,,,,,,,,,,2299
"Santa Catalina Mtns., Marshall Gulch",United States,Arizona,Pima,32.4167,-110.7667,no,Low(44),,"32.4167,-110.7667,MARSHALL GULCH|Unavailable|1506|Low(44),32.427854,-110.75565,MARSHALL GULCH|Unavailable|1506|Low(44),32.505556,-110.921111,CATALINA|AZ:ppl:869@PPL|5372|Low(39),32.5,-110.9167,CATALINA|Unavailable|301|Low(38)",1506,,PhysicalObject,,,,,,,,,,USNM,Mammals,,PreservedSpecimen,,,,,601273,Mammals Field Number: WB 217,,,Male,,,,,,Skin; Skull,,,,,,,,,,,,,,,,,,1965-06-21,,,,,,,,,,,,,,,,North America,,,,US,,,2347,2347,2347,,,,,,,,,,,,,,,,,,,,,,,,,,,,,,,,,,,,,,,,,,,,,,,,,,,,Myotis auriculus apache,Myotis auriculus,,,,,Animalia;Chordata;Mammalia;Chiroptera;Vespertilionidae;Myotis,Animalia,Chordata,Mammalia,Chiroptera,Vespertilionidae,Myotis,,auriculus,,subspecies,,,,,,,,,,,,,,,,,,,,,,,,,,,,,,2299
"Santa Catalina Mtns., Marshall Gulch",United States,Arizona,Pima,32.4167,-110.7667,no,Low(44),,"32.4167,-110.7667,MARSHALL GULCH|Unavailable|1506|Low(44),32.427854,-110.75565,MARSHALL GULCH|Unavailable|1506|Low(44),32.505556,-110.921111,CATALINA|AZ:ppl:869@PPL|5372|Low(39),32.5,-110.9167,CATALINA|Unavailable|301|Low(38)",1506,,PhysicalObject,,,,,,,,,,USNM,Mammals,,PreservedSpecimen,,,,,601483,Mammals Field Number: WB 175,,,Male,,,,,,Skin; Skull,,,,,,,,,,,,,,,,,,1965-05-27,,,,,,,,,,,,,,,,North America,,,,US,,,2438,2438,2438,,,,,,,,,,,,,,,,,,,,,,,,,,,,,,,,,,,,,,,,,,,,,,,,,,,,Peromyscus maniculatus sonoriensis,Peromyscus maniculatus,,,,,Animalia;Chordata;Mammalia;Rodentia;Cricetidae;Peromyscus,Animalia,Chordata,Mammalia,Rodentia,Cricetidae,Peromyscus,,maniculatus,,subspecies,,,,,,,,,,,,,,,,,,,,,,,,,,,,,,2299
"Santa Catalina Mtns., Marshall Gulch",United States,Arizona,Pima,32.4167,-110.7667,no,Low(44),,"32.4167,-110.7667,MARSHALL GULCH|Unavailable|1506|Low(44),32.427854,-110.75565,MARSHALL GULCH|Unavailable|1506|Low(44),32.505556,-110.921111,CATALINA|AZ:ppl:869@PPL|5372|Low(39),32.5,-110.9167,CATALINA|Unavailable|301|Low(38)",1506,,PhysicalObject,,,,,,,,,,USNM,Mammals,,PreservedSpecimen,,,,,601407,Mammals Field Number: WB 224,,,Male,,,,,,Skin; Skull,,,,,,,,,,,,,,,,,,1965-06-21,,,,,,,,,,,,,,,,North America,,,,US,,,2499,2499,2499,,,,,,,,,,,,,,,,,,,,,,,,,,,,,,,,,,,,,,,,,,,,,,,,,,,,Neotamias dorsalis dorsalis,Neotamias dorsalis,,,,,Animalia;Chordata;Mammalia;Rodentia;Sciuridae;Neotamias,Animalia,Chordata,Mammalia,Rodentia,Sciuridae,Neotamias,,dorsalis,,subspecies,,,,,,,,,,,,,,,,,,,,,,,,,,,,,,2299
"Santa Catalina Mts., Bear Wallow camp area",United States,Arizona,Pima,32.424242,-110.739816,yes,Medium(69),,"32.460902,-110.740659,(g3)Santa Catalina Mts.|Unavailable|17132|Medium(69),32.424242,-110.739816,BEAR WALLOW|Unavailable|9036|Low(41),32.4167,-110.7333,BEAR WALLOW|Unavailable|9036|Low(41),32.505556,-110.921111,CATALINA|AZ:ppl:869@PPL|5372|Low(39),32.5,-110.9167,CATALINA|Unavailable|301|Low(38)",9036 m,,PhysicalObject,,,,,,,,,,USNM,Mammals,,PreservedSpecimen,,,,,309012,Mammals Field Number: 1635,"Bradshaw, G. V.",,Male,,,,,,Mounted skin,,,,,,,,,,,,,,,,,,1959-04-12,,,,,,,,,,,,,,,,North America,,,,US,,,2438,2438,2438,,,,,,,,,,,,,,,,,,,,,,,,,,,,,,,,,,,,,,,,,,,,,,,,,,,,Sciurus aberti aberti,Sciurus aberti,,,,,Animalia;Chordata;Mammalia;Rodentia;Sciuridae;Sciurus,Animalia,Chordata,Mammalia,Rodentia,Sciuridae,Sciurus,,aberti,,subspecies,,,,,,,,,,,,,,,,,,,,,,,,,,,,,,2409
"Santa Catalina Mts., Bear Wallow camp area",United States,Arizona,Pima,32.424242,-110.739816,yes,Medium(69),,"32.460902,-110.740659,(g3)Santa Catalina Mts.|Unavailable|17132|Medium(69),32.424242,-110.739816,BEAR WALLOW|Unavailable|9036|Low(41),32.4167,-110.7333,BEAR WALLOW|Unavailable|9036|Low(41),32.505556,-110.921111,CATALINA|AZ:ppl:869@PPL|5372|Low(39),32.5,-110.9167,CATALINA|Unavailable|301|Low(38)",9036 m,,PhysicalObject,,,,,,,,,,USNM,Mammals,,PreservedSpecimen,,,,,309013,Mammals Field Number: 1633,"Bradshaw, G. V.",,Male,,,,,,Mounted skin,,,,,,,,,,,,,,,,,,1959-04-02,,,,,,,,,,,,,,,,North America,,,,US,,,2438,2438,2438,,,,,,,,,,,,,,,,,,,,,,,,,,,,,,,,,,,,,,,,,,,,,,,,,,,,Sciurus aberti aberti,Sciurus aberti,,,,,Animalia;Chordata;Mammalia;Rodentia;Sciuridae;Sciurus,Animalia,Chordata,Mammalia,Rodentia,Sciuridae,Sciurus,,aberti,,subspecies,,,,,,,,,,,,,,,,,,,,,,,,,,,,,,2409
"Soldiers Camp, Mt. Lemmon",United States,Arizona,Pima,32.428012,-110.745537,yes,Low(42),,"32.443131,-110.78843,MOUNT LEMMON|Unavailable|1807|Low(42),32.4333,-110.7833,MOUNT LEMMON|Unavailable|301|Low(42),32.4333,-110.75,MOUNT LEMMON|Unavailable|301|Low(42)",301 m,,PhysicalObject,,,,,,,,,,USNM,Mammals,,PreservedSpecimen,,,,,570699,Mammals Field Number: BFM 613,"Musgrove, B. F.",,Female,,,,,,Skin; Skull,,,,,,,,,,,,,,,,,,1959-06-18,,,,,,,,,,,,,,,,North America,,,,US,,,,,,,,,,,,,,,,,,,,,,,,,,,,,,,,,,,,,,,,,,,,,,,,,,,,,,,,,Myotis keenii,Myotis keenii,,,,,Animalia;Chordata;Mammalia;Chiroptera;Vespertilionidae;Myotis,Animalia,Chordata,Mammalia,Chiroptera,Vespertilionidae,Myotis,,keenii,,species,,,,,,,,,,,,,,,,,,,,,,,,,,,,,,2372
"Soldiers Camp, Mt. Lemmon",United States,Arizona,Pima,32.42783,-110.74558,yes,Low(42),,"32.443131,-110.78843,MOUNT LEMMON|Unavailable|1807|Low(42),32.4333,-110.7833,MOUNT LEMMON|Unavailable|301|Low(42),32.4333,-110.75,MOUNT LEMMON|Unavailable|301|Low(42)",301 m,,PhysicalObject,,,,,,,,,,USNM,Mammals,,PreservedSpecimen,,,,,570700,Mammals Field Number: BFM 609,"Musgrove, B. F.",,Female,,,,,,Skin; Skull,,,,,,,,,,,,,,,,,,1959-06-18,,,,,,,,,,,,,,,,North America,,,,US,,,,,,,,,,,,,,,,,,,,,,,,,,,,,,,,,,,,,,,,,,,,,,,,,,,,,,,,,Myotis keenii,Myotis keenii,,,,,Animalia;Chordata;Mammalia;Chiroptera;Vespertilionidae;Myotis,Animalia,Chordata,Mammalia,Chiroptera,Vespertilionidae,Myotis,,keenii,,species,,,,,,,,,,,,,,,,,,,,,,,,,,,,,,2363
"Soldiers Camp, Mt. Lemmon",United States,Arizona,Pima,32.428193,-110.745708,yes,Low(42),,"32.443131,-110.78843,MOUNT LEMMON|Unavailable|1807|Low(42),32.4333,-110.7833,MOUNT LEMMON|Unavailable|301|Low(42),32.4333,-110.75,MOUNT LEMMON|Unavailable|301|Low(42)",301 m,,PhysicalObject,,,,,,,,,,USNM,Mammals,,PreservedSpecimen,,,,,570634,Mammals Field Number: BFM 608,"Musgrove, B. F.",,Female,,,,,,Skin; Skull,,,,,,,,,,,,,,,,,,1959-06-18,,,,,,,,,,,,,,,,North America,,,,US,,,,,,,,,,,,,,,,,,,,,,,,,,,,,,,,,,,,,,,,,,,,,,,,,,,,,,,,,Myotis volans interior,Myotis volans,,,,,Animalia;Chordata;Mammalia;Chiroptera;Vespertilionidae;Myotis,Animalia,Chordata,Mammalia,Chiroptera,Vespertilionidae,Myotis,,volans,,subspecies,,,,,,,,,,,,,,,,,,,,,,,,,,,,,,2369
"Soldiers Camp, Mt. Lemmon",United States,Arizona,Pima,32.427903,-110.745494,yes,Low(42),,"32.443131,-110.78843,MOUNT LEMMON|Unavailable|1807|Low(42),32.4333,-110.7833,MOUNT LEMMON|Unavailable|301|Low(42),32.4333,-110.75,MOUNT LEMMON|Unavailable|301|Low(42)",301 m,,PhysicalObject,,,,,,,,,,USNM,Mammals,,PreservedSpecimen,,,,,570635,Mammals Field Number: BFM 611,"Musgrove, B. F.",,Female,,,,,,Skin; Skull,,,,,,,,,,,,,,,,,,1959-06-18,,,,,,,,,,,,,,,,North America,,,,US,,,,,,,,,,,,,,,,,,,,,,,,,,,,,,,,,,,,,,,,,,,,,,,,,,,,,,,,,Myotis volans interior,Myotis volans,,,,,Animalia;Chordata;Mammalia;Chiroptera;Vespertilionidae;Myotis,Animalia,Chordata,Mammalia,Chiroptera,Vespertilionidae,Myotis,,volans,,subspecies,,,,,,,,,,,,,,,,,,,,,,,,,,,,,,2363
"Soldiers Camp, Mt. Lemmon",United States,Arizona,Pima,32.428084,-110.74588,yes,Low(42),,"32.443131,-110.78843,MOUNT LEMMON|Unavailable|1807|Low(42),32.4333,-110.7833,MOUNT LEMMON|Unavailable|301|Low(42),32.4333,-110.75,MOUNT LEMMON|Unavailable|301|Low(42)",301 m,,PhysicalObject,,,,,,,,,,USNM,Mammals,,PreservedSpecimen,,,,,570661,Mammals Field Number: BFM 612,"Musgrove, B. F.",,Female,,,,,,Skin; Skull,,,,,,,,,,,,,,,,,,1959-06-18,,,,,,,,,,,,,,,,North America,,,,US,,,,,,,,,,,,,,,,,,,,,,,,,,,,,,,,,,,,,,,,,,,,,,,,,,,,,,,,,Myotis volans interior,Myotis volans,,,,,Animalia;Chordata;Mammalia;Chiroptera;Vespertilionidae;Myotis,Animalia,Chordata,Mammalia,Chiroptera,Vespertilionidae,Myotis,,volans,,subspecies,,,,,,,,,,,,,,,,,,,,,,,,,,,,,,2369
"Soldiers Camp, Mt. Lemmon",United States,Arizona,Pima,32.428012,-110.745751,yes,Low(42),,"32.443131,-110.78843,MOUNT LEMMON|Unavailable|1807|Low(42),32.4333,-110.7833,MOUNT LEMMON|Unavailable|301|Low(42),32.4333,-110.75,MOUNT LEMMON|Unavailable|301|Low(42)",301 m,,PhysicalObject,,,,,,,,,,USNM,Mammals,,PreservedSpecimen,,,,,570678,Mammals Field Number: BFM 610,"Musgrove, B. F.",,Female,,,,,,Skin; Skull,,,,,,,,,,,,,,,,,,1959-06-18,,,,,,,,,,,,,,,,North America,,,,US,,,,,,,,,,,,,,,,,,,,,,,,,,,,,,,,,,,,,,,,,,,,,,,,,,,,,,,,,Myotis volans interior,Myotis volans,,,,,Animalia;Chordata;Mammalia;Chiroptera;Vespertilionidae;Myotis,Animalia,Chordata,Mammalia,Chiroptera,Vespertilionidae,Myotis,,volans,,subspecies,,,,,,,,,,,,,,,,,,,,,,,,,,,,,,2369
"Santa Catalina Mountains, Oracle Control Road, Crystal Springs",United States,Arizona,Pima,32.458674,-110.750382,no,Medium(74),,"32.458674,-110.750382,(g3)Santa Catalina Mountains|Unavailable|18212|Medium(74),32.430353,-110.70537,SANTA CATALINA MOUNTAINS|Unavailable|301|Low(54),32.4167,-110.7,SANTA CATALINA MOUNTAINS|Unavailable|301|Low(54),32.505556,-110.921111,CATALINA|AZ:ppl:869@PPL|5372|Low(39),32.5,-110.9167,CATALINA|Unavailable|301|Low(38),32.438374,-110.741104,CRYSTAL SPRING|Unavailable|90|Low(31),32.4333,-110.7333,CRYSTAL SPRING|Unavailable|90|Low(31)",18212,,PhysicalObject,,,,,,,,,,USNM,Mammals,,PreservedSpecimen,,,,,601493,Mammals Field Number: WB 6893,"Crossin, R.",,Female,,,,,,Skin; Skull,,,,,,,,,,,,,,,,,,1991-11-06,,,,,,,,Pine - Oak,,,,,,,,North America,,,,US,,,,,,,,,,,,,,,,,,,,,,,,,,,,,,,,,,,,,,,,,,,,,,,,,,,,,,,,,Neotamias dorsalis dorsalis,Neotamias dorsalis,,,,,Animalia;Chordata;Mammalia;Rodentia;Sciuridae;Neotamias,Animalia,Chordata,Mammalia,Rodentia,Sciuridae,Neotamias,,dorsalis,,subspecies,,,,,,,,,,,,,,,,,,,,,,,,,,,,,,2304
"Summerhaven, Santa Catalina Mountains",United States,Arizona,Pima,32.438687,-110.759817,yes,Medium(74),,"32.458674,-110.750382,(g3)Santa Catalina Mountains|Unavailable|18212|Medium(74),32.430353,-110.70537,SANTA CATALINA MOUNTAINS|Unavailable|301|Low(54),32.4167,-110.7,SANTA CATALINA MOUNTAINS|Unavailable|301|Low(54),32.438687,-110.759817,SUMMERHAVEN|Unavailable|301|Low(41),32.4333,-110.75,SUMMERHAVEN|Unavailable|301|Low(41),32.505556,-110.921111,CATALINA|AZ:ppl:869@PPL|5372|Low(39),32.5,-110.9167,CATALINA|Unavailable|301|Low(38)",18212,,PhysicalObject,,,,,,,,,,USNM,Mammals,,PreservedSpecimen,,,,,244081,Mammals Field Number: 23517,"Goldman, E. A.",,Male,Adult,,,,,Skin; Skull,,,,,,,,,,,,,,,,,,1923-08-06,,,,,,,,,,,,,,,,North America,,,,US,,,2286,2286,2286,,,,,,,,,,,,,,,,,,,,,,,,,,,,,,,,,,,,,,,,,,,,,,,,,,,,Thomomys bottae catalinae,Thomomys bottae,,,,,Animalia;Chordata;Mammalia;Rodentia;Geomyidae;Thomomys,Animalia,Chordata,Mammalia,Rodentia,Geomyidae,Thomomys,,bottae,,subspecies,,,,,,,,,,,,,,,,,,,,,,,,,,,,,,2352
N. Campbell Ave and Santa Catalina Mts.,United States,Arizona,Pima,32.336848,-110.926694,yes,Medium(69),,"32.460902,-110.740659,(g3)Santa Catalina Mts.|Unavailable|17132|Medium(69),32.505556,-110.921111,CATALINA|AZ:ppl:869@PPL|Unavailable|Low(39),32.5,-110.9167,CATALINA|Unavailable|Unavailable|Low(38)",17132,,PhysicalObject,,,,,,,,,,USNM,Mammals,,PreservedSpecimen,,,,,600337,Mammals Field Number: WB 338,,,Male,,,,,,Skin; Skull,,,,,,,,,,,,,,,,,,1965-08-15,,,,,,,,,,,,,,,,North America,,,,US,,,,,,,,,,,,,,,,,,,,,,,,,,,,,,,,,,,,,,,,,,,,,,,,,,,,,,,,,Choeronycteris mexicana,Choeronycteris mexicana,,,,,Animalia;Chordata;Mammalia;Chiroptera;Phyllostomidae;Choeronycteris,Animalia,Chordata,Mammalia,Chiroptera,Phyllostomidae,Choeronycteris,,mexicana,,species,,,,,,,,,,,,,,,,,,,,,,,,,,,,,,911
"Santa Catalina Mts., Mt. Lemmon, Oracle Control Rd.",United States,Arizona,Pima,32.448662,-110.754649,yes,Medium(69),,"32.460902,-110.740659,(g3)Santa Catalina Mts.|Unavailable|17132|Medium(69),32.4333,-110.7833,MOUNT LEMMON|Unavailable|301|Low(42),32.443131,-110.78843,MOUNT LEMMON|Unavailable|1807|Low(42),32.4333,-110.75,MOUNT LEMMON|Unavailable|301|Low(42),32.505556,-110.921111,CATALINA|AZ:ppl:869@PPL|5372|Low(39),32.5,-110.9167,CATALINA|Unavailable|301|Low(38)",17132,,PhysicalObject,,,,,,,,,,USNM,Mammals,,PreservedSpecimen,,,,,602087,Mammals Field Number: WB 6647,"Rook, W.",,Female,,,,,,Skin; Skull,,,,,,,,,,,,,,,,,,1991-11-06,,,,,,,,,,,,,,,,North America,,,,US,,,,,,,,,,,,,,,,,,,,,,,,,,,,,,,,,,,,,,,,,,,,,,,,,,,,,,,,,Sciurus aberti aberti,Sciurus aberti,,,,,Animalia;Chordata;Mammalia;Rodentia;Sciuridae;Sciurus,Animalia,Chordata,Mammalia,Rodentia,Sciuridae,Sciurus,,aberti,,subspecies,,,,,,,,,,,,,,,,,,,,,,,,,,,,,,2417
"Santa Catalina Mts., Mt. Lemmon, Oracle Control Rd.",United States,Arizona,Pima,32.446996,-110.759198,yes,Medium(69),,"32.460902,-110.740659,(g3)Santa Catalina Mts.|Unavailable|17132|Medium(69),32.4333,-110.7833,MOUNT LEMMON|Unavailable|301|Low(42),32.443131,-110.78843,MOUNT LEMMON|Unavailable|1807|Low(42),32.4333,-110.75,MOUNT LEMMON|Unavailable|301|Low(42),32.505556,-110.921111,CATALINA|AZ:ppl:869@PPL|5372|Low(39),32.5,-110.9167,CATALINA|Unavailable|301|Low(38)",17132,,PhysicalObject,,,,,,,,,,USNM,Mammals,,PreservedSpecimen,,,,,602088,Mammals Field Number: WB 6842,"Rook, W.",,Female,,Mammae   Post-lactating,,,,Skin; Skull,,,,,,,,,,,,,,,,,,1992-11-10,,,,,,,,,,,,,,,,North America,,,,US,,,,,,,,,,,,,,,,,,,,,,,,,,,,,,,,,,,,,,,,,,,,,,,,,,,,,,,,,Sciurus arizonensis catalinae,Sciurus arizonensis,,,,,Animalia;Chordata;Mammalia;Rodentia;Sciuridae;Sciurus,Animalia,Chordata,Mammalia,Rodentia,Sciuridae,Sciurus,,arizonensis,,subspecies,,,,,,,,,,,,,,,,,,,,,,,,,,,,,,2415
"Santa Catalina Mts., Mt. Lemmon, Oracle Control Rd.",United States,Arizona,Pima,32.450763,-110.754392,yes,Medium(69),,"32.460902,-110.740659,(g3)Santa Catalina Mts.|Unavailable|17132|Medium(69),32.4333,-110.7833,MOUNT LEMMON|Unavailable|301|Low(42),32.443131,-110.78843,MOUNT LEMMON|Unavailable|1807|Low(42),32.4333,-110.75,MOUNT LEMMON|Unavailable|301|Low(42),32.505556,-110.921111,CATALINA|AZ:ppl:869@PPL|5372|Low(39),32.5,-110.9167,CATALINA|Unavailable|301|Low(38)",17132,,PhysicalObject,,,,,,,,,,USNM,Mammals,,PreservedSpecimen,,,,,602089,Mammals Field Number: WB 6843,"Rook, W.",,Female,,Mammae   Post-lactating,,,,Skin; Skull,,,,,,,,,,,,,,,,,,1992-11-10,,,,,,,,,,,,,,,,North America,,,,US,,,,,,,,,,,,,,,,,,,,,,,,,,,,,,,,,,,,,,,,,,,,,,,,,,,,,,,,,Sciurus arizonensis catalinae,Sciurus arizonensis,,,,,Animalia;Chordata;Mammalia;Rodentia;Sciuridae;Sciurus,Animalia,Chordata,Mammalia,Rodentia,Sciuridae,Sciurus,,arizonensis,,subspecies,,,,,,,,,,,,,,,,,,,,,,,,,,,,,,2397
"Oracle, Near, Linda Vista Ranch",United States,Arizona,Pinal,32.603471,-110.794337,yes,Low(37),,"32.610905,-110.770935,ORACLE|AZ:ppl:974@PPL|5028|Low(37),32.6,-110.7667,ORACLE|Unavailable|301|Low(36)",301 m,,PhysicalObject,,,,,,,,,,USNM,Mammals,,PreservedSpecimen,,,,,313860,Mammals Field Number: 107,"Kennedy, C. E.",,Female,,,,,,Skin; Skull,,,,,,,,,,,,,,,,,,1955-12-31,,,,,,,,,,,,,,,,North America,,,,US,,,,,,,,,,,,,,,,,,,,,,,,,,,,,,,,,,,,,,,,,,,,,,,,,,,,,,,,,Otospermophilus variegatus grammurus,Otospermophilus variegatus,,,,,Animalia;Chordata;Mammalia;Rodentia;Sciuridae;Otospermophilus,Animalia,Chordata,Mammalia,Rodentia,Sciuridae,Otospermophilus,,variegatus,,subspecies,,,,,,,,,,,,,,,,,,,,,,,,,,,,,,1339
