locality string,country,stateprovince,county,latitude,longitude,correction status,precision,error polygon,multiple results,uncertainty radius (meters),uncertainty radius (circular polygon),type,modified,license,rightsholder,accessrights,bibliographiccitation,references,institutionid,collectionid,datasetid,institutioncode,collectioncode,datasetname,basisofrecord,informationwithheld,datageneralizations,dynamicproperties,occurrenceid,catalognumber,recordnumber,recordedby,individualcount,sex,lifestage,reproductivecondition,behavior,establishmentmeans,occurrencestatus,preparations,disposition,associatedmedia,associatedreferences,associatedsequences,associatedtaxa,othercatalognumbers,occurrenceremarks,organismid,organismname,organismscope,associatedoccurrences,associatedorganisms,previousidentifications,organismremarks,materialsampleid,eventid,fieldnumber,eventdate,eventtime,startdayofyear,enddayofyear,year,month,day,verbatimeventdate,habitat,samplingprotocol,samplingeffort,fieldnotes,eventremarks,locationid,highergeographyid,highergeography,continent,waterbody,islandgroup,island,countrycode,municipality,verbatimlocality,minimumelevationinmeters,maximumelevationinmeters,verbatimelevation,minimumdepthinmeters,maximumdepthinmeters,verbatimdepth,minimumdistanceabovesurfaceinmeters,maximumdistanceabovesurfaceinmeters,locationaccordingto,locationremarks,geodeticdatum,coordinateprecision,verbatimcoordinates,verbatimlatitude,verbatimlongitude,verbatimcoordinatesystem,verbatimsrs,footprintwkt,footprintsrs,georeferencedby,georeferenceddate,georeferenceprotocol,georeferencesources,georeferenceverificationstatus,georeferenceremarks,geologicalcontextid,earliesteonorlowesteonothem,latesteonorhighesteonothem,earliesteraorlowesterathem,latesteraorhighesterathem,earliestperiodorlowestsystem,latestperiodorhighestsystem,earliestepochorlowestseries,latestepochorhighestseries,earliestageorloweststage,latestageorhigheststage,lowestbiostratigraphiczone,highestbiostratigraphiczone,lithostratigraphicterms,group,formation,member,bed,identificationid,identificationqualifier,typestatus,identifiedby,dateidentified,identificationreferences,identificationverificationstatus,identificationremarks,scientificnameid,namepublishedinid,scientificname,acceptednameusage,originalnameusage,namepublishedin,namepublishedinyear,higherclassification,kingdom,phylum,class,order,family,genus,subgenus,specificepithet,infraspecificepithet,taxonrank,verbatimtaxonrank,scientificnameauthorship,vernacularname,nomenclaturalcode,taxonomicstatus,taxonremarks,lengthinmm,lengthtype,lengthunitsinferred,massing,massunitsinferred,underivedlifestage,underivedsex,dataset_url,dataset_citation,gbifdatasetid,gbifpublisherid,dataset_contact_email,dataset_contact,dataset_pubdate,lastindexed,migrator_version,hasmedia,hastissue,wascaptive,isfossil,isarch,vntype,haslength
"17 miles east northeast of Tucson, Molino Canyon",United States,Arizona,Pima,,,,,,,,,PhysicalObject,8/7/2013,,,http://www.vertnet.org/resources/norms.html,American Museum of Natural History. AMNH Mammal Collections. Record ID: urn:catalog:AMNH:Mammals:M-135963. Source: http://ipt.vertnet.org:8080/ipt/resource.do?r=amnh_mammals (source published on 2015-02-12),http://portal.vertnet.org/o/amnh/mammals?id=urn-catalog-amnh-mammals-m-135963,urn:lsid:biocol.org:col:34925,,,AMNH,Mammals,,PreservedSpecimen,,,,urn:catalog:AMNH:Mammals:M-135963,M-135963,8184,R. A. Archbold,1,female,,,,,present,"Disarticulated, Not Mounted",,,,,,,,,,,,,,,,,,5/23/1939,,143,143,1939,5,23,5/23/1939,,,,,,,,North America;USA;Arizona;Pima Co.;;;;,North America,,,,US,,"North America; USA; Arizona; Pima Co.; ; ; ; ; ; ; North America; USA; Arizona; Pima Co.; ; ; ; ; ; ; 17 miles east northeast of Tucson, Molino Canyon",1158,1158,3800 ft,,,,,,,,,,,,,,,,,,,,,,,,,,,,,,,,,,,,,,,,,,,,,,,,,,,Bassariscus astutus arizonensis,,,,,Animalia;Chordata;Mammalia;Carnivora;Procyonidae;Bassariscus,Animalia,Chordata,Mammalia,Carnivora,Procyonidae,Bassariscus,,astutus,arizonensis,subspecies,,,,ICZN,,,,,,,,,female,,American Museum of Natural History. AMNH Mammal Collections. Source: http://ipt.vertnet.org:8080/ipt/resource.do?r=amnh_mammals (source published on 2015-02-12),96ca66b4-f762-11e1-a439-00145eb45e9a,ccd1ddc0-6c21-11de-8224-b8a03c50a862,trombone@amnh.org,Tom Trombone,2/12/2015,8/10/2016,8/14/2013,0,0,0,0,,specimen,0
"17 miles east northeast of Tucson, Molino Canyon",United States,Arizona,Pima,,,,,,,,,PhysicalObject,8/7/2013,,,http://www.vertnet.org/resources/norms.html,American Museum of Natural History. AMNH Mammal Collections. Record ID: urn:catalog:AMNH:Mammals:M-135964. Source: http://ipt.vertnet.org:8080/ipt/resource.do?r=amnh_mammals (source published on 2015-02-12),http://portal.vertnet.org/o/amnh/mammals?id=urn-catalog-amnh-mammals-m-135964,urn:lsid:biocol.org:col:34925,,,AMNH,Mammals,,PreservedSpecimen,,,,urn:catalog:AMNH:Mammals:M-135964,M-135964,8185,R. A. Archbold,1,female,,,,,present,disarticulated,,,,,,,,,,,,,,,,,,5/25/1939,,145,145,1939,5,25,5/25/1939,,,,,,,,North America;USA;Arizona;Pima Co.;;;;,North America,,,,US,,"North America; USA; Arizona; Pima Co.; ; ; ; ; ; ; North America; USA; Arizona; Pima Co.; ; ; ; ; ; ; 17 miles east northeast of Tucson, Molino Canyon",1158,1158,3800 ft,,,,,,,,,,,,,,,,,,,,,,,,,,,,,,,,,,,,,,,,,,,,,,,,,,,Bassariscus astutus arizonensis,,,,,Animalia;Chordata;Mammalia;Carnivora;Procyonidae;Bassariscus,Animalia,Chordata,Mammalia,Carnivora,Procyonidae,Bassariscus,,astutus,arizonensis,subspecies,,,,ICZN,,,,,,,,,female,,American Museum of Natural History. AMNH Mammal Collections. Source: http://ipt.vertnet.org:8080/ipt/resource.do?r=amnh_mammals (source published on 2015-02-12),96ca66b4-f762-11e1-a439-00145eb45e9a,ccd1ddc0-6c21-11de-8224-b8a03c50a862,trombone@amnh.org,Tom Trombone,2/12/2015,8/10/2016,8/14/2013,0,0,0,0,,specimen,0
"17 miles east northeast of Tucson, Molino Canyon",United States,Arizona,Pima,,,,,,,,,PhysicalObject,8/7/2013,,,http://www.vertnet.org/resources/norms.html,American Museum of Natural History. AMNH Mammal Collections. Record ID: urn:catalog:AMNH:Mammals:M-135965. Source: http://ipt.vertnet.org:8080/ipt/resource.do?r=amnh_mammals (source published on 2015-02-12),http://portal.vertnet.org/o/amnh/mammals?id=urn-catalog-amnh-mammals-m-135965,urn:lsid:biocol.org:col:34925,,,AMNH,Mammals,,PreservedSpecimen,,,,urn:catalog:AMNH:Mammals:M-135965,M-135965,8189,R. A. Archbold,1,female,,,,,present,disarticulated,,,,,,,,,,,,,,,,,,5/26/1940,,147,147,1940,5,26,5/26/1940,,,,,,,,North America;USA;Arizona;Pima Co.;;;;,North America,,,,US,,"North America; USA; Arizona; Pima Co.; ; ; ; ; ; ; North America; USA; Arizona; Pima Co.; ; ; ; ; ; ; 17 miles east northeast of Tucson, Molino Canyon",1158,1158,3800 ft,,,,,,,,,,,,,,,,,,,,,,,,,,,,,,,,,,,,,,,,,,,,,,,,,,,Bassariscus astutus arizonensis,,,,,Animalia;Chordata;Mammalia;Carnivora;Procyonidae;Bassariscus,Animalia,Chordata,Mammalia,Carnivora,Procyonidae,Bassariscus,,astutus,arizonensis,subspecies,,,,ICZN,,,,,,,,,female,,American Museum of Natural History. AMNH Mammal Collections. Source: http://ipt.vertnet.org:8080/ipt/resource.do?r=amnh_mammals (source published on 2015-02-12),96ca66b4-f762-11e1-a439-00145eb45e9a,ccd1ddc0-6c21-11de-8224-b8a03c50a862,trombone@amnh.org,Tom Trombone,2/12/2015,8/10/2016,8/14/2013,0,0,0,0,,specimen,0
"17 miles east northeast of Tucson, Molino Canyon",United States,Arizona,Pima,,,,,,,,,PhysicalObject,8/7/2013,,,http://www.vertnet.org/resources/norms.html,American Museum of Natural History. AMNH Mammal Collections. Record ID: urn:catalog:AMNH:Mammals:M-137031. Source: http://ipt.vertnet.org:8080/ipt/resource.do?r=amnh_mammals (source published on 2015-02-12),http://portal.vertnet.org/o/amnh/mammals?id=urn-catalog-amnh-mammals-m-137031,urn:lsid:biocol.org:col:34925,,,AMNH,Mammals,,PreservedSpecimen,,,,urn:catalog:AMNH:Mammals:M-137031,M-137031,8190,W. B. Richardson,1,female,,,,,present,disarticulated,,,,,,,,,,,,,,,,,,5/27/1940,,148,148,1940,5,27,5/27/1940,,,,,,,,North America;USA;Arizona;Pima Co.;;;;,North America,,,,US,,"North America; USA; Arizona; Pima Co.; ; ; ; ; ; ; North America; USA; Arizona; Pima Co.; ; ; ; ; ; ; 17 miles east northeast of Tucson, Molino Canyon",1158,1158,3800 ft,,,,,,,,,,,,,,,,,,,,,,,,,,,,,,,,,,,,,,,,,,,,,,,,,,,Procyon lotor mexicanus,,,,,Animalia;Chordata;Mammalia;Carnivora;Procyonidae;Procyon,Animalia,Chordata,Mammalia,Carnivora,Procyonidae,Procyon,,lotor,mexicanus,subspecies,,,,ICZN,,,,,,,,,female,,American Museum of Natural History. AMNH Mammal Collections. Source: http://ipt.vertnet.org:8080/ipt/resource.do?r=amnh_mammals (source published on 2015-02-12),96ca66b4-f762-11e1-a439-00145eb45e9a,ccd1ddc0-6c21-11de-8224-b8a03c50a862,trombone@amnh.org,Tom Trombone,2/12/2015,8/10/2016,8/14/2013,0,0,0,0,,specimen,0
"17 miles east northeast of Tucson, Molino Canyon",United States,Arizona,Pima,,,,,,,,,PhysicalObject,8/7/2013,,,http://www.vertnet.org/resources/norms.html,American Museum of Natural History. AMNH Mammal Collections. Record ID: urn:catalog:AMNH:Mammals:M-137048. Source: http://ipt.vertnet.org:8080/ipt/resource.do?r=amnh_mammals (source published on 2015-02-12),http://portal.vertnet.org/o/amnh/mammals?id=urn-catalog-amnh-mammals-m-137048,urn:lsid:biocol.org:col:34925,,,AMNH,Mammals,,PreservedSpecimen,,,,urn:catalog:AMNH:Mammals:M-137048,M-137048,8183,R. A. Archbold,1,undetermined,,,,,present,disarticulated,,,,,,,,,,,,,,,,,,,,,,,,,,,,,,,,,North America;USA;Arizona;Pima Co.;;;;,North America,,,,US,,"North America; USA; Arizona; Pima Co.; ; ; ; ; ; ; North America; USA; Arizona; Pima Co.; ; ; ; ; ; ; 17 miles east northeast of Tucson, Molino Canyon",1158,1158,3800 ft,,,,,,,,,,,,,,,,,,,,,,,,,,,,,,,,,,,,,,,,,,,,,,,,,,,Lynx rufus baileyi,,,,,Animalia;Chordata;Mammalia;Carnivora;Felidae;Lynx,Animalia,Chordata,Mammalia,Carnivora,Felidae,Lynx,,rufus,baileyi,subspecies,,,,ICZN,,,,,,,,,unknown,,American Museum of Natural History. AMNH Mammal Collections. Source: http://ipt.vertnet.org:8080/ipt/resource.do?r=amnh_mammals (source published on 2015-02-12),96ca66b4-f762-11e1-a439-00145eb45e9a,ccd1ddc0-6c21-11de-8224-b8a03c50a862,trombone@amnh.org,Tom Trombone,2/12/2015,8/10/2016,8/14/2013,0,0,0,0,,specimen,0
"17 miles east northeast of Tucson, Molino Canyon",United States,Arizona,Pima,,,,,,,,,PhysicalObject,8/7/2013,,,http://www.vertnet.org/resources/norms.html,American Museum of Natural History. AMNH Mammal Collections. Record ID: urn:catalog:AMNH:Mammals:M-137005. Source: http://ipt.vertnet.org:8080/ipt/resource.do?r=amnh_mammals (source published on 2015-02-12),http://portal.vertnet.org/o/amnh/mammals?id=urn-catalog-amnh-mammals-m-137005,urn:lsid:biocol.org:col:34925,,,AMNH,Mammals,,PreservedSpecimen,,,,urn:catalog:AMNH:Mammals:M-137005,M-137005,8186,W. B. Richardson,1,female,,,,,present,Not Mounted,,,,,,,,,,,,,,,,,,5/25/1940,,146,146,1940,5,25,5/25/1940,,,,,,,,North America;USA;Arizona;Pima Co.;;;;,North America,,,,US,,"North America; USA; Arizona; Pima Co.; ; ; ; ; ; ; North America; USA; Arizona; Pima Co.; ; ; ; ; ; ; 17 miles east northeast of Tucson, Molino Canyon",1158,1158,3800 ft,,,,,,,,,,,,,,,,,,,,,,,,,,,,,,,,,,,,,,,,,,sp.,,,,,,,,,Tamias,,,,,Animalia;Chordata;Mammalia;Rodentia;Sciuridae;Tamias,Animalia,Chordata,Mammalia,Rodentia,Sciuridae,Tamias,,,,genus,,,,ICZN,,,,,,,,,female,,American Museum of Natural History. AMNH Mammal Collections. Source: http://ipt.vertnet.org:8080/ipt/resource.do?r=amnh_mammals (source published on 2015-02-12),96ca66b4-f762-11e1-a439-00145eb45e9a,ccd1ddc0-6c21-11de-8224-b8a03c50a862,trombone@amnh.org,Tom Trombone,2/12/2015,8/10/2016,8/14/2013,0,0,0,0,,specimen,0
"17 miles east northeast of Tucson, Molino Canyon",United States,Arizona,Pima,,,,,,,,,PhysicalObject,8/7/2013,,,http://www.vertnet.org/resources/norms.html,American Museum of Natural History. AMNH Mammal Collections. Record ID: urn:catalog:AMNH:Mammals:M-137006. Source: http://ipt.vertnet.org:8080/ipt/resource.do?r=amnh_mammals (source published on 2015-02-12),http://portal.vertnet.org/o/amnh/mammals?id=urn-catalog-amnh-mammals-m-137006,urn:lsid:biocol.org:col:34925,,,AMNH,Mammals,,PreservedSpecimen,,,,urn:catalog:AMNH:Mammals:M-137006,M-137006,8187,W. B. Richardson,1,female,,,,,present,Not Mounted,,,,,,,,,,,,,,,,,,5/25/1940,,146,146,1940,5,25,5/25/1940,,,,,,,,North America;USA;Arizona;Pima Co.;;;;,North America,,,,US,,"North America; USA; Arizona; Pima Co.; ; ; ; ; ; ; North America; USA; Arizona; Pima Co.; ; ; ; ; ; ; 17 miles east northeast of Tucson, Molino Canyon",1158,1158,3800 ft,,,,,,,,,,,,,,,,,,,,,,,,,,,,,,,,,,,,,,,,,,sp.,,,,,,,,,Tamias,,,,,Animalia;Chordata;Mammalia;Rodentia;Sciuridae;Tamias,Animalia,Chordata,Mammalia,Rodentia,Sciuridae,Tamias,,,,genus,,,,ICZN,,,,,,,,,female,,American Museum of Natural History. AMNH Mammal Collections. Source: http://ipt.vertnet.org:8080/ipt/resource.do?r=amnh_mammals (source published on 2015-02-12),96ca66b4-f762-11e1-a439-00145eb45e9a,ccd1ddc0-6c21-11de-8224-b8a03c50a862,trombone@amnh.org,Tom Trombone,2/12/2015,8/10/2016,8/14/2013,0,0,0,0,,specimen,0
"18 miles east northeast of Tucson, Molino Canyon",United States,Arizona,Pima,,,,,,,,,PhysicalObject,8/7/2013,,,http://www.vertnet.org/resources/norms.html,American Museum of Natural History. AMNH Mammal Collections. Record ID: urn:catalog:AMNH:Mammals:M-135961. Source: http://ipt.vertnet.org:8080/ipt/resource.do?r=amnh_mammals (source published on 2015-02-12),http://portal.vertnet.org/o/amnh/mammals?id=urn-catalog-amnh-mammals-m-135961,urn:lsid:biocol.org:col:34925,,,AMNH,Mammals,,PreservedSpecimen,,,,urn:catalog:AMNH:Mammals:M-135961,M-135961,8198,R. A. Archbold,1,male,,,,,present,Not Mounted,,,,,,,,,,,,,,,,,,6/9/1940,,161,161,1940,6,9,6/9/1940,,,,,,,,North America;USA;Arizona;Pima Co.;;;;,North America,,,,US,,"North America; USA; Arizona; Pima Co.; ; ; ; ; ; ; North America; USA; Arizona; Pima Co.; ; ; ; ; ; ; 18 miles east northeast of Tucson, Molino Canyon",1219,1219,4000 ft,,,,,,,,,,,,,,,,,,,,,,,,,,,,,,,,,,,,,,,,,,,,,,,,,,,Spilogale putorius leucoparia,,,,,Animalia;Chordata;Mammalia;Carnivora;Mephitidae;Spilogale,Animalia,Chordata,Mammalia,Carnivora,Mephitidae,Spilogale,,putorius,leucoparia,subspecies,,,,ICZN,,,,,,,,,male,,American Museum of Natural History. AMNH Mammal Collections. Source: http://ipt.vertnet.org:8080/ipt/resource.do?r=amnh_mammals (source published on 2015-02-12),96ca66b4-f762-11e1-a439-00145eb45e9a,ccd1ddc0-6c21-11de-8224-b8a03c50a862,trombone@amnh.org,Tom Trombone,2/12/2015,8/10/2016,8/14/2013,0,0,0,0,,specimen,0
"18 miles east northeast of Tucson, Molino Canyon",United States,Arizona,Pima,,,,,,,,,PhysicalObject,8/7/2013,,,http://www.vertnet.org/resources/norms.html,American Museum of Natural History. AMNH Mammal Collections. Record ID: urn:catalog:AMNH:Mammals:M-135966. Source: http://ipt.vertnet.org:8080/ipt/resource.do?r=amnh_mammals (source published on 2015-02-12),http://portal.vertnet.org/o/amnh/mammals?id=urn-catalog-amnh-mammals-m-135966,urn:lsid:biocol.org:col:34925,,,AMNH,Mammals,,PreservedSpecimen,,,,urn:catalog:AMNH:Mammals:M-135966,M-135966,8199,R. A. Archbold,1,male,,,,,present,Not Mounted,,,,,,,,,,,,,,,,,,6/13/1940,,165,165,1940,6,13,6/13/1940,,,,,,,,North America;USA;Arizona;Pima Co.;;;;,North America,,,,US,,"North America; USA; Arizona; Pima Co.; ; ; ; ; ; ; North America; USA; Arizona; Pima Co.; ; ; ; ; ; ; 18 miles east northeast of Tucson, Molino Canyon",1219,1219,4000 ft,,,,,,,,,,,,,,,,,,,,,,,,,,,,,,,,,,,,,,,,,,,,,,,,,,,Bassariscus astutus arizonensis,,,,,Animalia;Chordata;Mammalia;Carnivora;Procyonidae;Bassariscus,Animalia,Chordata,Mammalia,Carnivora,Procyonidae,Bassariscus,,astutus,arizonensis,subspecies,,,,ICZN,,,,,,,,,male,,American Museum of Natural History. AMNH Mammal Collections. Source: http://ipt.vertnet.org:8080/ipt/resource.do?r=amnh_mammals (source published on 2015-02-12),96ca66b4-f762-11e1-a439-00145eb45e9a,ccd1ddc0-6c21-11de-8224-b8a03c50a862,trombone@amnh.org,Tom Trombone,2/12/2015,8/10/2016,8/14/2013,0,0,0,0,,specimen,0
"18 miles east northeast of Tucson, Molino Canyon",United States,Arizona,Pima,,,,,,,,,PhysicalObject,8/7/2013,,,http://www.vertnet.org/resources/norms.html,American Museum of Natural History. AMNH Mammal Collections. Record ID: urn:catalog:AMNH:Mammals:M-135962. Source: http://ipt.vertnet.org:8080/ipt/resource.do?r=amnh_mammals (source published on 2015-02-12),http://portal.vertnet.org/o/amnh/mammals?id=urn-catalog-amnh-mammals-m-135962,urn:lsid:biocol.org:col:34925,,,AMNH,Mammals,,PreservedSpecimen,,,,urn:catalog:AMNH:Mammals:M-135962,M-135962,8192,R. A. Archbold,1,male,,,,,present,Not Mounted,,,,,,,,,,,,,,,,,,5/31/1939,,151,151,1939,5,31,5/31/1939,,,,,,,,North America;USA;Arizona;Pima Co.;;;;,North America,,,,US,,"North America; USA; Arizona; Pima Co.; ; ; ; ; ; ; North America; USA; Arizona; Pima Co.; ; ; ; ; ; ; 18 miles east northeast of Tucson, Molino Canyon",1158,1158,3800 ft,,,,,,,,,,,,,,,,,,,,,,,,,,,,,,,,,,,,,,,,,,,,,,,,,,,Spilogale putorius leucoparia,,,,,Animalia;Chordata;Mammalia;Carnivora;Mephitidae;Spilogale,Animalia,Chordata,Mammalia,Carnivora,Mephitidae,Spilogale,,putorius,leucoparia,subspecies,,,,ICZN,,,,,,,,,male,,American Museum of Natural History. AMNH Mammal Collections. Source: http://ipt.vertnet.org:8080/ipt/resource.do?r=amnh_mammals (source published on 2015-02-12),96ca66b4-f762-11e1-a439-00145eb45e9a,ccd1ddc0-6c21-11de-8224-b8a03c50a862,trombone@amnh.org,Tom Trombone,2/12/2015,8/10/2016,8/14/2013,0,0,0,0,,specimen,0
"18 miles east northeast of Tucson, Molino Canyon",United States,Arizona,Pima,,,,,,,,,PhysicalObject,8/7/2013,,,http://www.vertnet.org/resources/norms.html,American Museum of Natural History. AMNH Mammal Collections. Record ID: urn:catalog:AMNH:Mammals:M-137053. Source: http://ipt.vertnet.org:8080/ipt/resource.do?r=amnh_mammals (source published on 2015-02-12),http://portal.vertnet.org/o/amnh/mammals?id=urn-catalog-amnh-mammals-m-137053,urn:lsid:biocol.org:col:34925,,,AMNH,Mammals,,PreservedSpecimen,,,,urn:catalog:AMNH:Mammals:M-137053,M-137053,8214,W. B. Richardson,1,female,,,,,present,disarticulated,,,,,,,,,,,,,,,,,,6/15/1940,,167,167,1940,6,15,6/15/1940,,,,,,,,North America;USA;Arizona;Pima Co.;;;;,North America,,,,US,,"North America; USA; Arizona; Pima Co.; ; ; ; ; ; ; North America; USA; Arizona; Pima Co.; ; ; ; ; ; ; 18 miles east northeast of Tucson, Molino Canyon",1219,1219,4000 ft,,,,,,,,,,,,,,,,,,,,,,,,,,,,,,,,,,,,,,,,,,,,,,,,,,,Bassariscus astutus,,,,,Animalia;Chordata;Mammalia;Carnivora;Procyonidae;Bassariscus,Animalia,Chordata,Mammalia,Carnivora,Procyonidae,Bassariscus,,astutus,,species,,,,ICZN,,,,,,,,,female,,American Museum of Natural History. AMNH Mammal Collections. Source: http://ipt.vertnet.org:8080/ipt/resource.do?r=amnh_mammals (source published on 2015-02-12),96ca66b4-f762-11e1-a439-00145eb45e9a,ccd1ddc0-6c21-11de-8224-b8a03c50a862,trombone@amnh.org,Tom Trombone,2/12/2015,8/10/2016,8/14/2013,0,0,0,0,,specimen,0
American Flag,United States,Arizona,Pinal,,,,,,,,,PhysicalObject,8/7/2013,,,http://www.vertnet.org/resources/norms.html,American Museum of Natural History. AMNH Mammal Collections. Record ID: urn:catalog:AMNH:Mammals:MS-301. Source: http://ipt.vertnet.org:8080/ipt/resource.do?r=amnh_mammals (source published on 2015-02-12),http://portal.vertnet.org/o/amnh/mammals?id=urn-catalog-amnh-mammals-ms-301,urn:lsid:biocol.org:col:34925,,,AMNH,Mammals,,PreservedSpecimen,,,,urn:catalog:AMNH:Mammals:MS-301,MS-301,,W. E. D. Scott,1,male,,,,,present,,,,,,,,,,,,,,,,,,,1885-11-22,,326,326,1885,11,22,1885-11-22,,,,,,,,North America;USA;Arizona;Pinal Co.;;;;,North America,,,,US,,North America; USA; Arizona; Pinal Co.; ; ; ; ; ; ; North America; USA; Arizona; Pinal Co.; ; ; ; ; ; ; American Flag,,,,,,,,,,,,,,,,,,,,,,,,,,,,,,,,,,,,,,,,,,,,,,,,,,,,,,Plecotus townsendii pallescens,,,,,Animalia;Chordata;Mammalia;Chiroptera;Vespertilionidae;Plecotus,Animalia,Chordata,Mammalia,Chiroptera,Vespertilionidae,Plecotus,,townsendii,pallescens,subspecies,,,,ICZN,,,,,,,,,male,,American Museum of Natural History. AMNH Mammal Collections. Source: http://ipt.vertnet.org:8080/ipt/resource.do?r=amnh_mammals (source published on 2015-02-12),96ca66b4-f762-11e1-a439-00145eb45e9a,ccd1ddc0-6c21-11de-8224-b8a03c50a862,trombone@amnh.org,Tom Trombone,2/12/2015,8/10/2016,8/14/2013,0,0,0,0,,specimen,0
American Flag,United States,Arizona,Pinal,,,,,,,,,PhysicalObject,8/7/2013,,,http://www.vertnet.org/resources/norms.html,American Museum of Natural History. AMNH Mammal Collections. Record ID: urn:catalog:AMNH:Mammals:MS-302. Source: http://ipt.vertnet.org:8080/ipt/resource.do?r=amnh_mammals (source published on 2015-02-12),http://portal.vertnet.org/o/amnh/mammals?id=urn-catalog-amnh-mammals-ms-302,urn:lsid:biocol.org:col:34925,,,AMNH,Mammals,,PreservedSpecimen,,,,urn:catalog:AMNH:Mammals:MS-302,MS-302,,W. E. D. Scott,1,male,,,,,present,,,,,,,,,,,,,,,,,,,1885-12-31,,365,365,1885,12,31,1885-12-31,,,,,,,,North America;USA;Arizona;Pinal Co.;;;;,North America,,,,US,,North America; USA; Arizona; Pinal Co.; ; ; ; ; ; ; North America; USA; Arizona; Pinal Co.; ; ; ; ; ; ; American Flag,,,,,,,,,,,,,,,,,,,,,,,,,,,,,,,,,,,,,,,,,,,,,,,,,,,,,,Conepatus mesoleucus venaticus,,,,,Animalia;Chordata;Mammalia;Carnivora;Mephitidae;Conepatus,Animalia,Chordata,Mammalia,Carnivora,Mephitidae,Conepatus,,mesoleucus,venaticus,subspecies,,,,ICZN,,,,,,,,,male,,American Museum of Natural History. AMNH Mammal Collections. Source: http://ipt.vertnet.org:8080/ipt/resource.do?r=amnh_mammals (source published on 2015-02-12),96ca66b4-f762-11e1-a439-00145eb45e9a,ccd1ddc0-6c21-11de-8224-b8a03c50a862,trombone@amnh.org,Tom Trombone,2/12/2015,8/10/2016,8/14/2013,0,0,0,0,,specimen,0
American Flag,United States,Arizona,Pinal,,,,,,,,,PhysicalObject,8/7/2013,,,http://www.vertnet.org/resources/norms.html,American Museum of Natural History. AMNH Mammal Collections. Record ID: urn:catalog:AMNH:Mammals:MS-303. Source: http://ipt.vertnet.org:8080/ipt/resource.do?r=amnh_mammals (source published on 2015-02-12),http://portal.vertnet.org/o/amnh/mammals?id=urn-catalog-amnh-mammals-ms-303,urn:lsid:biocol.org:col:34925,,,AMNH,Mammals,,PreservedSpecimen,,,,urn:catalog:AMNH:Mammals:MS-303,MS-303,,W. E. D. Scott,1,male,,,,,present,,,,,,,,,,,,,,,,,,,1885-11-16,,320,320,1885,11,16,1885-11-16,,,,,,,,North America;USA;Arizona;Pinal Co.;;;;,North America,,,,US,,North America; USA; Arizona; Pinal Co.; ; ; ; ; ; ; North America; USA; Arizona; Pinal Co.; ; ; ; ; ; ; American Flag,,,,,,,,,,,,,,,,,,,,,,,,,,,,,,,,,,,,,,,,,,,,,,,,,,,,,,Spilogale putorius,,,,,Animalia;Chordata;Mammalia;Carnivora;Mephitidae;Spilogale,Animalia,Chordata,Mammalia,Carnivora,Mephitidae,Spilogale,,putorius,,species,,,,ICZN,,,,,,,,,male,,American Museum of Natural History. AMNH Mammal Collections. Source: http://ipt.vertnet.org:8080/ipt/resource.do?r=amnh_mammals (source published on 2015-02-12),96ca66b4-f762-11e1-a439-00145eb45e9a,ccd1ddc0-6c21-11de-8224-b8a03c50a862,trombone@amnh.org,Tom Trombone,2/12/2015,8/10/2016,8/14/2013,0,0,0,0,,specimen,0
American Flag,United States,Arizona,Pinal,,,,,,,,,PhysicalObject,8/7/2013,,,http://www.vertnet.org/resources/norms.html,American Museum of Natural History. AMNH Mammal Collections. Record ID: urn:catalog:AMNH:Mammals:MS-1534. Source: http://ipt.vertnet.org:8080/ipt/resource.do?r=amnh_mammals (source published on 2015-02-12),http://portal.vertnet.org/o/amnh/mammals?id=urn-catalog-amnh-mammals-ms-1534,urn:lsid:biocol.org:col:34925,,,AMNH,Mammals,,PreservedSpecimen,,,,urn:catalog:AMNH:Mammals:MS-1534,MS-1534,,W. E. D. Scott,1,undetermined,,,,,present,"Fluid, Whole Body, With Skin",,,,,,,,,,,,,,,,,,,,,,,,,,,,,,,,,North America;USA;Arizona;Pinal Co.;;;;,North America,,,,US,,North America; USA; Arizona; Pinal Co.; ; ; ; ; ; ; North America; USA; Arizona; Pinal Co.; ; ; ; ; ; ; American Flag,,,,,,,,,,,,,,,,,,,,,,,,,,,,,,,,,,,,,,,,,,,,,,,,,,,,,,Mammalia,,,,,Animalia;Chordata;Mammalia;;;,Animalia,Chordata,Mammalia,,,,,,,class,,,,ICZN,,,,,,,,,unknown,,American Museum of Natural History. AMNH Mammal Collections. Source: http://ipt.vertnet.org:8080/ipt/resource.do?r=amnh_mammals (source published on 2015-02-12),96ca66b4-f762-11e1-a439-00145eb45e9a,ccd1ddc0-6c21-11de-8224-b8a03c50a862,trombone@amnh.org,Tom Trombone,2/12/2015,8/10/2016,8/14/2013,0,0,0,0,,specimen,0
American Flag,United States,Arizona,Pinal,,,,,,,,,PhysicalObject,8/7/2013,,,http://www.vertnet.org/resources/norms.html,American Museum of Natural History. AMNH Mammal Collections. Record ID: urn:catalog:AMNH:Mammals:MS-1547. Source: http://ipt.vertnet.org:8080/ipt/resource.do?r=amnh_mammals (source published on 2015-02-12),http://portal.vertnet.org/o/amnh/mammals?id=urn-catalog-amnh-mammals-ms-1547,urn:lsid:biocol.org:col:34925,,,AMNH,Mammals,,PreservedSpecimen,,,,urn:catalog:AMNH:Mammals:MS-1547,MS-1547,,M. E. D. Scott,1,undetermined,,,,,present,"Fluid, Whole Body, With Skin",,,,,,,,,,,,,,,,,,,,,,,,,,,,,,,,,North America;USA;Arizona;Pinal Co.;;;;,North America,,,,US,,North America; USA; Arizona; Pinal Co.; ; ; ; ; ; ; North America; USA; Arizona; Pinal Co.; ; ; ; ; ; ; American Flag,,,,,,,,,,,,,,,,,,,,,,,,,,,,,,,,,,,,,,,,,,,,,sp.,,,,,,,,,Thomomys,,,,,Animalia;Chordata;Mammalia;Rodentia;Geomyidae;Thomomys,Animalia,Chordata,Mammalia,Rodentia,Geomyidae,Thomomys,,,,genus,,,,ICZN,,,,,,,,,unknown,,American Museum of Natural History. AMNH Mammal Collections. Source: http://ipt.vertnet.org:8080/ipt/resource.do?r=amnh_mammals (source published on 2015-02-12),96ca66b4-f762-11e1-a439-00145eb45e9a,ccd1ddc0-6c21-11de-8224-b8a03c50a862,trombone@amnh.org,Tom Trombone,2/12/2015,8/10/2016,8/14/2013,0,0,0,0,,specimen,0
"Tucson, Sabino Canyon, Santa Catalina Mountains",United States,Arizona,Pima,,,,,,,,,PhysicalObject,8/7/2013,,,http://www.vertnet.org/resources/norms.html,American Museum of Natural History. AMNH Mammal Collections. Record ID: urn:catalog:AMNH:Mammals:M-144014. Source: http://ipt.vertnet.org:8080/ipt/resource.do?r=amnh_mammals (source published on 2015-02-12),http://portal.vertnet.org/o/amnh/mammals?id=urn-catalog-amnh-mammals-m-144014,urn:lsid:biocol.org:col:34925,,,AMNH,Mammals,,PreservedSpecimen,,,,urn:catalog:AMNH:Mammals:M-144014,M-144014,124,W. J. Schaldach,1,female,,,,,present,Not Mounted,,,,,,,,,,,,,,,,,,5/2/1945,,122,122,1945,5,2,5/2/1945,,,,,,,,North America;USA;Arizona;Pima Co.;;;;,North America,,,,US,,"North America; USA; Arizona; Pima Co.; ; ; ; ; ; ; North America; USA; Arizona; Pima Co.; ; ; ; ; ; ; Tucson, Sabino Canyon, Santa Catalina Mountains",945,945,3100 ft,,,,,,,,,,,,,,,,,,,,,,,,,,,,,,,,,,,,,,,,,,,,,,,,,,,Spermophilus variegatus grammurus,,,,,Animalia;Chordata;Mammalia;Rodentia;Sciuridae;Spermophilus,Animalia,Chordata,Mammalia,Rodentia,Sciuridae,Spermophilus,,variegatus,grammurus,subspecies,,,,ICZN,,,,,,,,,female,,American Museum of Natural History. AMNH Mammal Collections. Source: http://ipt.vertnet.org:8080/ipt/resource.do?r=amnh_mammals (source published on 2015-02-12),96ca66b4-f762-11e1-a439-00145eb45e9a,ccd1ddc0-6c21-11de-8224-b8a03c50a862,trombone@amnh.org,Tom Trombone,2/12/2015,8/10/2016,8/14/2013,0,0,0,0,,specimen,0
"Tucson, Sabino Canyon, Santa Catalina Mountains",United States,Arizona,Pima,,,,,,,,,PhysicalObject,8/7/2013,,,http://www.vertnet.org/resources/norms.html,American Museum of Natural History. AMNH Mammal Collections. Record ID: urn:catalog:AMNH:Mammals:M-144015. Source: http://ipt.vertnet.org:8080/ipt/resource.do?r=amnh_mammals (source published on 2015-02-12),http://portal.vertnet.org/o/amnh/mammals?id=urn-catalog-amnh-mammals-m-144015,urn:lsid:biocol.org:col:34925,,,AMNH,Mammals,,PreservedSpecimen,,,,urn:catalog:AMNH:Mammals:M-144015,M-144015,125,W. J. Schaldach,1,female,,,,,present,Not Mounted,,,,,,,,,,,,,,,,,,5/2/1945,,122,122,1945,5,2,5/2/1945,,,,,,,,North America;USA;Arizona;Pima Co.;;;;,North America,,,,US,,"North America; USA; Arizona; Pima Co.; ; ; ; ; ; ; North America; USA; Arizona; Pima Co.; ; ; ; ; ; ; Tucson, Sabino Canyon, Santa Catalina Mountains",945,945,3100 ft,,,,,,,,,,,,,,,,,,,,,,,,,,,,,,,,,,,,,,,,,,,,,,,,,,,Spermophilus tereticaudus neglectus,,,,,Animalia;Chordata;Mammalia;Rodentia;Sciuridae;Spermophilus,Animalia,Chordata,Mammalia,Rodentia,Sciuridae,Spermophilus,,tereticaudus,neglectus,subspecies,,,,ICZN,,,,,,,,,female,,American Museum of Natural History. AMNH Mammal Collections. Source: http://ipt.vertnet.org:8080/ipt/resource.do?r=amnh_mammals (source published on 2015-02-12),96ca66b4-f762-11e1-a439-00145eb45e9a,ccd1ddc0-6c21-11de-8224-b8a03c50a862,trombone@amnh.org,Tom Trombone,2/12/2015,8/10/2016,8/14/2013,0,0,0,0,,specimen,0
"Tucson, Sabino Canyon, Santa Catalina Mountains",United States,Arizona,Pima,,,,,,,,,PhysicalObject,8/7/2013,,,http://www.vertnet.org/resources/norms.html,American Museum of Natural History. AMNH Mammal Collections. Record ID: urn:catalog:AMNH:Mammals:M-144002. Source: http://ipt.vertnet.org:8080/ipt/resource.do?r=amnh_mammals (source published on 2015-02-12),http://portal.vertnet.org/o/amnh/mammals?id=urn-catalog-amnh-mammals-m-144002,urn:lsid:biocol.org:col:34925,,,AMNH,Mammals,,PreservedSpecimen,,,,urn:catalog:AMNH:Mammals:M-144002,M-144002,M 118,W. J. Schaldach,1,female,,,,,present,Not Mounted,,,,,,,,,,,,,,,,,,4/20/1945,,110,110,1945,4,20,4/20/1945,,,,,,,,North America;USA;Arizona;Pima Co.;;;;,North America,,,,US,,"North America; USA; Arizona; Pima Co.; ; ; ; ; ; ; North America; USA; Arizona; Pima Co.; ; ; ; ; ; ; Tucson, Sabino Canyon, Santa Catalina Mountains",,,,,,,,,,,,,,,,,,,,,,,,,,,,,,,,,,,,,,,,,,,,,,,,,,,,,,Ammospermophilus harrisii harrisii,,,,,Animalia;Chordata;Mammalia;Rodentia;Sciuridae;Ammospermophilus,Animalia,Chordata,Mammalia,Rodentia,Sciuridae,Ammospermophilus,,harrisii,harrisii,subspecies,,,,ICZN,,,,,,,,,female,,American Museum of Natural History. AMNH Mammal Collections. Source: http://ipt.vertnet.org:8080/ipt/resource.do?r=amnh_mammals (source published on 2015-02-12),96ca66b4-f762-11e1-a439-00145eb45e9a,ccd1ddc0-6c21-11de-8224-b8a03c50a862,trombone@amnh.org,Tom Trombone,2/12/2015,8/10/2016,8/14/2013,0,0,0,0,,specimen,0
"Tucson, Sabino Canyon, Santa Catalina Mountains",United States,Arizona,Pima,,,,,,,,,PhysicalObject,8/7/2013,,,http://www.vertnet.org/resources/norms.html,American Museum of Natural History. AMNH Mammal Collections. Record ID: urn:catalog:AMNH:Mammals:M-144003. Source: http://ipt.vertnet.org:8080/ipt/resource.do?r=amnh_mammals (source published on 2015-02-12),http://portal.vertnet.org/o/amnh/mammals?id=urn-catalog-amnh-mammals-m-144003,urn:lsid:biocol.org:col:34925,,,AMNH,Mammals,,PreservedSpecimen,,,,urn:catalog:AMNH:Mammals:M-144003,M-144003,M 117,W. J. Schaldach,1,female,,,,,present,Not Mounted,,,,,,,,,,,,,,,,,,4/19/1945,,109,109,1945,4,19,4/19/1945,,,,,,,,North America;USA;Arizona;Pima Co.;;;;,North America,,,,US,,"North America; USA; Arizona; Pima Co.; ; ; ; ; ; ; North America; USA; Arizona; Pima Co.; ; ; ; ; ; ; Tucson, Sabino Canyon, Santa Catalina Mountains",,,,,,,,,,,,,,,,,,,,,,,,,,,,,,,,,,,,,,,,,,,,,,,,,,,,,,Spermophilus tereticaudus neglectus,,,,,Animalia;Chordata;Mammalia;Rodentia;Sciuridae;Spermophilus,Animalia,Chordata,Mammalia,Rodentia,Sciuridae,Spermophilus,,tereticaudus,neglectus,subspecies,,,,ICZN,,,,,,,,,female,,American Museum of Natural History. AMNH Mammal Collections. Source: http://ipt.vertnet.org:8080/ipt/resource.do?r=amnh_mammals (source published on 2015-02-12),96ca66b4-f762-11e1-a439-00145eb45e9a,ccd1ddc0-6c21-11de-8224-b8a03c50a862,trombone@amnh.org,Tom Trombone,2/12/2015,8/10/2016,8/14/2013,0,0,0,0,,specimen,0
"Tucson, Sabino Canyon, Santa Catalina Mountains",United States,Arizona,Pima,,,,,,,,,PhysicalObject,8/7/2013,,,http://www.vertnet.org/resources/norms.html,American Museum of Natural History. AMNH Mammal Collections. Record ID: urn:catalog:AMNH:Mammals:M-144009. Source: http://ipt.vertnet.org:8080/ipt/resource.do?r=amnh_mammals (source published on 2015-02-12),http://portal.vertnet.org/o/amnh/mammals?id=urn-catalog-amnh-mammals-m-144009,urn:lsid:biocol.org:col:34925,,,AMNH,Mammals,,PreservedSpecimen,,,,urn:catalog:AMNH:Mammals:M-144009,M-144009,119,W. J. Schaldach,1,male,,,,,present,Not Mounted,,,,,,,,,,,,,,,,,,4/21/1945,,111,111,1945,4,21,4/21/1945,,,,,,,,North America;USA;Arizona;Pima Co.;;;;,North America,,,,US,,"North America; USA; Arizona; Pima Co.; ; ; ; ; ; ; North America; USA; Arizona; Pima Co.; ; ; ; ; ; ; Tucson, Sabino Canyon, Santa Catalina Mountains",945,945,3100 ft,,,,,,,,,,,,,,,,,,,,,,,,,,,,,,,,,,,,,,,,,,,,,,,,,,,Bassariscus astutus arizonensis,,,,,Animalia;Chordata;Mammalia;Carnivora;Procyonidae;Bassariscus,Animalia,Chordata,Mammalia,Carnivora,Procyonidae,Bassariscus,,astutus,arizonensis,subspecies,,,,ICZN,,,,,,,,,male,,American Museum of Natural History. AMNH Mammal Collections. Source: http://ipt.vertnet.org:8080/ipt/resource.do?r=amnh_mammals (source published on 2015-02-12),96ca66b4-f762-11e1-a439-00145eb45e9a,ccd1ddc0-6c21-11de-8224-b8a03c50a862,trombone@amnh.org,Tom Trombone,2/12/2015,8/10/2016,8/14/2013,0,0,0,0,,specimen,0
"Tucson, Sabino Canyon, Santa Catalina Mountains",United States,Arizona,Pima,,,,,,,,,PhysicalObject,8/7/2013,,,http://www.vertnet.org/resources/norms.html,American Museum of Natural History. AMNH Mammal Collections. Record ID: urn:catalog:AMNH:Mammals:M-144010. Source: http://ipt.vertnet.org:8080/ipt/resource.do?r=amnh_mammals (source published on 2015-02-12),http://portal.vertnet.org/o/amnh/mammals?id=urn-catalog-amnh-mammals-m-144010,urn:lsid:biocol.org:col:34925,,,AMNH,Mammals,,PreservedSpecimen,,,,urn:catalog:AMNH:Mammals:M-144010,M-144010,121,W. J. Schaldach,1,male,Juvenile,,,,present,Not Mounted,,,,,,,Note in catalog: Juvenile,,,,,,,,,,,4/25/1945,,115,115,1945,4,25,4/25/1945,,,,,,,,North America;USA;Arizona;Pima Co.;;;;,North America,,,,US,,"North America; USA; Arizona; Pima Co.; ; ; ; ; ; ; North America; USA; Arizona; Pima Co.; ; ; ; ; ; ; Tucson, Sabino Canyon, Santa Catalina Mountains",945,945,3100 ft,,,,,,,,,,,,,,,,,,,,,,,,,,,,,,,,,,,,,,,,,,,,,,,,,,,Bassariscus astutus arizonensis,,,,,Animalia;Chordata;Mammalia;Carnivora;Procyonidae;Bassariscus,Animalia,Chordata,Mammalia,Carnivora,Procyonidae,Bassariscus,,astutus,arizonensis,subspecies,,,,ICZN,,,,,,,,,male,,American Museum of Natural History. AMNH Mammal Collections. Source: http://ipt.vertnet.org:8080/ipt/resource.do?r=amnh_mammals (source published on 2015-02-12),96ca66b4-f762-11e1-a439-00145eb45e9a,ccd1ddc0-6c21-11de-8224-b8a03c50a862,trombone@amnh.org,Tom Trombone,2/12/2015,8/10/2016,8/14/2013,0,0,0,0,,specimen,0
"Tucson, Sabino Canyon, Santa Catalina Mountains",United States,Arizona,Pima,,,,,,,,,PhysicalObject,8/7/2013,,,http://www.vertnet.org/resources/norms.html,American Museum of Natural History. AMNH Mammal Collections. Record ID: urn:catalog:AMNH:Mammals:M-144011. Source: http://ipt.vertnet.org:8080/ipt/resource.do?r=amnh_mammals (source published on 2015-02-12),http://portal.vertnet.org/o/amnh/mammals?id=urn-catalog-amnh-mammals-m-144011,urn:lsid:biocol.org:col:34925,,,AMNH,Mammals,,PreservedSpecimen,,,,urn:catalog:AMNH:Mammals:M-144011,M-144011,120,W. J. Schaldach,1,female,,,,,present,,,,,,,,,,,,,,,,,,,4/21/1945,,111,111,1945,4,21,4/21/1945,,,,,,,,North America;USA;Arizona;Pima Co.;;;;,North America,,,,US,,"North America; USA; Arizona; Pima Co.; ; ; ; ; ; ; North America; USA; Arizona; Pima Co.; ; ; ; ; ; ; Tucson, Sabino Canyon, Santa Catalina Mountains",945,945,3100 ft,,,,,,,,,,,,,,,,,,,,,,,,,,,,,,,,,,,,,,,,,,,,,,,,,,,Spilogale putorius,,,,,Animalia;Chordata;Mammalia;Carnivora;Mephitidae;Spilogale,Animalia,Chordata,Mammalia,Carnivora,Mephitidae,Spilogale,,putorius,,species,,,,ICZN,,,,,,,,,female,,American Museum of Natural History. AMNH Mammal Collections. Source: http://ipt.vertnet.org:8080/ipt/resource.do?r=amnh_mammals (source published on 2015-02-12),96ca66b4-f762-11e1-a439-00145eb45e9a,ccd1ddc0-6c21-11de-8224-b8a03c50a862,trombone@amnh.org,Tom Trombone,2/12/2015,8/10/2016,8/14/2013,0,0,0,0,,specimen,0
"Tucson, Sabino Canyon, Santa Catalina Mountains",United States,Arizona,Pima,,,,,,,,,PhysicalObject,8/7/2013,,,http://www.vertnet.org/resources/norms.html,American Museum of Natural History. AMNH Mammal Collections. Record ID: urn:catalog:AMNH:Mammals:M-144012. Source: http://ipt.vertnet.org:8080/ipt/resource.do?r=amnh_mammals (source published on 2015-02-12),http://portal.vertnet.org/o/amnh/mammals?id=urn-catalog-amnh-mammals-m-144012,urn:lsid:biocol.org:col:34925,,,AMNH,Mammals,,PreservedSpecimen,,,,urn:catalog:AMNH:Mammals:M-144012,M-144012,128,W. J. Schaldach,1,female,,,,,present,,,,,,,,,,,,,,,,,,,5/4/1945,,124,124,1945,5,4,5/4/1945,,,,,,,,North America;USA;Arizona;Pima Co.;;;;,North America,,,,US,,"North America; USA; Arizona; Pima Co.; ; ; ; ; ; ; North America; USA; Arizona; Pima Co.; ; ; ; ; ; ; Tucson, Sabino Canyon, Santa Catalina Mountains",945,945,3100 ft,,,,,,,,,,,,,,,,,,,,,,,,,,,,,,,,,,,,,,,,,,,,,,,,,,,Spilogale putorius,,,,,Animalia;Chordata;Mammalia;Carnivora;Mephitidae;Spilogale,Animalia,Chordata,Mammalia,Carnivora,Mephitidae,Spilogale,,putorius,,species,,,,ICZN,,,,,,,,,female,,American Museum of Natural History. AMNH Mammal Collections. Source: http://ipt.vertnet.org:8080/ipt/resource.do?r=amnh_mammals (source published on 2015-02-12),96ca66b4-f762-11e1-a439-00145eb45e9a,ccd1ddc0-6c21-11de-8224-b8a03c50a862,trombone@amnh.org,Tom Trombone,2/12/2015,8/10/2016,8/14/2013,0,0,0,0,,specimen,0
"Tucson, Sabino Canyon, Santa Catalina Mountains",United States,Arizona,Pima,,,,,,,,,PhysicalObject,8/7/2013,,,http://www.vertnet.org/resources/norms.html,American Museum of Natural History. AMNH Mammal Collections. Record ID: urn:catalog:AMNH:Mammals:M-144013. Source: http://ipt.vertnet.org:8080/ipt/resource.do?r=amnh_mammals (source published on 2015-02-12),http://portal.vertnet.org/o/amnh/mammals?id=urn-catalog-amnh-mammals-m-144013,urn:lsid:biocol.org:col:34925,,,AMNH,Mammals,,PreservedSpecimen,,,,urn:catalog:AMNH:Mammals:M-144013,M-144013,129,W. J. Schaldach,1,undetermined,,,,,present,Not Mounted,,,,,,,,,,,,,,,,,,,,,,,,,,,,,,,,,North America;USA;Arizona;Pima Co.;;;;,North America,,,,US,,"North America; USA; Arizona; Pima Co.; ; ; ; ; ; ; North America; USA; Arizona; Pima Co.; ; ; ; ; ; ; Tucson, Sabino Canyon, Santa Catalina Mountains",945,945,3100 ft,,,,,,,,,,,,,,,,,,,,,,,,,,,,,,,,,,,,,,,,,,,,,,,,,,,Spilogale putorius,,,,,Animalia;Chordata;Mammalia;Carnivora;Mephitidae;Spilogale,Animalia,Chordata,Mammalia,Carnivora,Mephitidae,Spilogale,,putorius,,species,,,,ICZN,,,,,,,,,unknown,,American Museum of Natural History. AMNH Mammal Collections. Source: http://ipt.vertnet.org:8080/ipt/resource.do?r=amnh_mammals (source published on 2015-02-12),96ca66b4-f762-11e1-a439-00145eb45e9a,ccd1ddc0-6c21-11de-8224-b8a03c50a862,trombone@amnh.org,Tom Trombone,2/12/2015,8/10/2016,8/14/2013,0,0,0,0,,specimen,0
"Tucson, Sabino Canyon, Santa Catalina Mountains",United States,Arizona,Pima,,,,,,,,,PhysicalObject,8/7/2013,,,http://www.vertnet.org/resources/norms.html,American Museum of Natural History. AMNH Mammal Collections. Record ID: urn:catalog:AMNH:Mammals:M-144017. Source: http://ipt.vertnet.org:8080/ipt/resource.do?r=amnh_mammals (source published on 2015-02-12),http://portal.vertnet.org/o/amnh/mammals?id=urn-catalog-amnh-mammals-m-144017,urn:lsid:biocol.org:col:34925,,,AMNH,Mammals,,PreservedSpecimen,,,,urn:catalog:AMNH:Mammals:M-144017,M-144017,M 122,W. J. Schaldach,1,female,,,,,present,Not Mounted,,,,,,,,,,,,,,,,,,5/1/1945,,121,121,1945,5,1,5/1/1945,,,,,,,,North America;USA;Arizona;Pima Co.;;;;,North America,,,,US,,"North America; USA; Arizona; Pima Co.; ; ; ; ; ; ; North America; USA; Arizona; Pima Co.; ; ; ; ; ; ; Tucson, Sabino Canyon, Santa Catalina Mountains",,,,,,,,,,,,,,,,,,,,,,,,,,,,,,,,,,,,,,,,,,,,,sp.,,,,,,,,,Peromyscus,,,,,Animalia;Chordata;Mammalia;Rodentia;Muridae;Peromyscus,Animalia,Chordata,Mammalia,Rodentia,Muridae,Peromyscus,,,,genus,,,,ICZN,,,,,,,,,female,,American Museum of Natural History. AMNH Mammal Collections. Source: http://ipt.vertnet.org:8080/ipt/resource.do?r=amnh_mammals (source published on 2015-02-12),96ca66b4-f762-11e1-a439-00145eb45e9a,ccd1ddc0-6c21-11de-8224-b8a03c50a862,trombone@amnh.org,Tom Trombone,2/12/2015,8/10/2016,8/14/2013,0,0,0,0,,specimen,0
"Tucson, Sabino Canyon, Santa Catalina Mountains",United States,Arizona,Pima,,,,,,,,,PhysicalObject,8/7/2013,,,http://www.vertnet.org/resources/norms.html,American Museum of Natural History. AMNH Mammal Collections. Record ID: urn:catalog:AMNH:Mammals:M-144018. Source: http://ipt.vertnet.org:8080/ipt/resource.do?r=amnh_mammals (source published on 2015-02-12),http://portal.vertnet.org/o/amnh/mammals?id=urn-catalog-amnh-mammals-m-144018,urn:lsid:biocol.org:col:34925,,,AMNH,Mammals,,PreservedSpecimen,,,,urn:catalog:AMNH:Mammals:M-144018,M-144018,127,W. J. Schaldach,1,male,,,,,present,,,,,,,,,,,,,,,,,,,5/4/1945,,124,124,1945,5,4,5/4/1945,,,,,,,,North America;USA;Arizona;Pima Co.;;;;,North America,,,,US,,"North America; USA; Arizona; Pima Co.; ; ; ; ; ; ; North America; USA; Arizona; Pima Co.; ; ; ; ; ; ; Tucson, Sabino Canyon, Santa Catalina Mountains",,,,,,,,,,,,,,,,,,,,,,,,,,,,,,,,,,,,,,,,,,,,,sp.,,,,,,,,,Peromyscus,,,,,Animalia;Chordata;Mammalia;Rodentia;Muridae;Peromyscus,Animalia,Chordata,Mammalia,Rodentia,Muridae,Peromyscus,,,,genus,,,,ICZN,,,,,,,,,male,,American Museum of Natural History. AMNH Mammal Collections. Source: http://ipt.vertnet.org:8080/ipt/resource.do?r=amnh_mammals (source published on 2015-02-12),96ca66b4-f762-11e1-a439-00145eb45e9a,ccd1ddc0-6c21-11de-8224-b8a03c50a862,trombone@amnh.org,Tom Trombone,2/12/2015,8/10/2016,8/14/2013,0,0,0,0,,specimen,0
"Tucson, Sabino Canyon, Santa Catalina Mountains",United States,Arizona,Pima,,,,,,,,,PhysicalObject,8/7/2013,,,http://www.vertnet.org/resources/norms.html,American Museum of Natural History. AMNH Mammal Collections. Record ID: urn:catalog:AMNH:Mammals:M-144019. Source: http://ipt.vertnet.org:8080/ipt/resource.do?r=amnh_mammals (source published on 2015-02-12),http://portal.vertnet.org/o/amnh/mammals?id=urn-catalog-amnh-mammals-m-144019,urn:lsid:biocol.org:col:34925,,,AMNH,Mammals,,PreservedSpecimen,,,,urn:catalog:AMNH:Mammals:M-144019,M-144019,130,W. J. Schaldach,1,female,,,,,present,Not Mounted,,,,,,,,,,,,,,,,,,5/13/1945,,133,133,1945,5,13,5/13/1945,,,,,,,,North America;USA;Arizona;Pima Co.;;;;,North America,,,,US,,"North America; USA; Arizona; Pima Co.; ; ; ; ; ; ; North America; USA; Arizona; Pima Co.; ; ; ; ; ; ; Tucson, Sabino Canyon, Santa Catalina Mountains",,,,,,,,,,,,,,,,,,,,,,,,,,,,,,,,,,,,,,,,,,,,,sp.,,,,,,,,,Peromyscus,,,,,Animalia;Chordata;Mammalia;Rodentia;Muridae;Peromyscus,Animalia,Chordata,Mammalia,Rodentia,Muridae,Peromyscus,,,,genus,,,,ICZN,,,,,,,,,female,,American Museum of Natural History. AMNH Mammal Collections. Source: http://ipt.vertnet.org:8080/ipt/resource.do?r=amnh_mammals (source published on 2015-02-12),96ca66b4-f762-11e1-a439-00145eb45e9a,ccd1ddc0-6c21-11de-8224-b8a03c50a862,trombone@amnh.org,Tom Trombone,2/12/2015,8/10/2016,8/14/2013,0,0,0,0,,specimen,0
